Id,Comment,binary_label
0x1931,"It could be that the subreddit has automod configured so it removes posts after they get enough reports. Regardless, they actually need to ban the guy or he will just keep spamming in new.",Non-physics
0x217c,"The observer, say the observer is on earth and they have camera that is able to see the clock inside the spaceship, are you saying the clock freezes once the ship sets off at the speed of light then by the time the ship gets back 2.5 million years have passed (plus the 10 seconds I spent in andromeda)? Is that correct and if so how much time will have passed for me on the spaceship?",Physics
0x1bf9,"Is the bottle made of metal?\n\nIt could be ""[white rust](https://en.wikipedia.org/wiki/Wet_storage_stain)"", a mixture of zinc oxides, hydroxides and carbonates, if your bottle is made of galvanized steel.\n\nYou should be able to remove it by scrubbing the surface with white vinegar.\n\nGalvanized steel and zinc oxide are recognized as food safe, so that should still be safe to drink from. Though I'd understand if you'd rather get a new bottle.\n\n\-edit- u/zoxyz926, are you sure your bottle wasn't made of galvanized steel (or galvanized iron)?\n\nThat much limescale accumulating on something that isn't even a heating element seems somewhat implausible to me. It would make your pipes clog really quickly.",Non-physics
0xc9b,"It seems to be a form of composite image put together via individual features. As the press release noted:\n\n>To better understand this architecture, the scientists ran a tiny needle over living Escherichia coli (E. coli) bacteria, thus “feeling” their overall shape. Since the tip of the needle is only a few nanometres wide, this made it possible to visualise molecular structures at the bacterial surface.\n\n>The resulting images show that the whole outer membrane of the bacteria is crammed with microscopic holes formed by proteins that allow the entry of nutrients while preventing the entry of toxins. Although the outer membrane was known to contain many proteins, this crowded and immobile nature had been unexpected.",Non-physics
0x6cb,"No, they use the Raschig process. I haven't heard of anyone using this method. Perhaps it's difficult to get enough hydroxyl radicals to form. My main concern is that it would take a lot of energy to generate enough UV to get good yields. The main reason I thought of using this method of producing hydrazine is that I thought it would be super cheap to just take a bunch of ammonia and zap it with UV in the presence of a bit of hydrogen peroxide and maybe water.",Non-physics
0x104e,Thanks for teaching me something I didn't know about high performance liquid/gas chromatography! I remember trying to cram the working principles of those things for a job interview that I didn't get. lol,Physics
0x6d6,The video basically says read a pop-sci book and if you want to go into quantum computing then you need to know comp-sci. Really doesn't live up to the title of the video,Physics
0x84d,"Maybe I am wrong but the fact that we have this ""explosive"" behaviour means that the force resisting the opening of the lid is indicative of something non-continuous, like surface tension as you say, or some clipping mechanism to keep the lid in place.\n\nIf it was just the weight of the lid, what i would expect would be for the pressure to slowly build, up to being big enough to slightly lift the lid. Then the lid would lift slightly, pressure would equalize and the process would restart.\n\nIf it's surface tension or a clipping mechanism, the pressure would build up to a level higher than what is needed to just lift the lid a bit. Then it would continue growing until it reached the threshold of the clipping mechanism, or surface tension breaks. At this point the resisting force would disappear altogether, and the build up pressure would lift the lid in a more explosive manner, as we see.",Physics
0x1ed2,"Yes, but mRNA basically makes proteins. Couldn't you just make the mRNA so it makes antibodies (a type of protein) that target self cells? I understand that B Cells normally produce antibodies, but in the case I've outlined wouldn't whatever cells that end up with the mRNA start producing the proteins according to the mRNA you've introduced?",Non-physics
0x61a,"Notice that the mean velocity is **Vmean=(1/2)(Vi+Vf)**, so that from your formula **Δx = Vmean*t** (which is probably the formula that you know for a body moving with constant velocity).\n\nThis means that someone moving at a constant speed **Vmean**, will travel the same distance in the same period of time as someone accelerating from **Vi** to **Vf**.\n\nAnother way to prove this is: If a body moves with constant acceleration **a**, then its displacement is given by **Δx=Vi t + (1/2) a t^2**. The final velocity is given by **Vf=Vi+a t**. From this last equation, you get **a=(Vf-Vi)/t**. Replacing this into the displacement equation, you get **Δx= (1/2) (Vf+Vi) t**.",Physics
0x2685,"Doest go past Einsteinium in nature, that is false. Fermium (the element that is one proton heavier than Einsteinium) is the heaviest element that is possible to make with thermonuclear reactions. Heavier nuclides need accelerators to be produced.",Non-physics
0x1f88,Obviously. Removing the excess carbon added by humans in the last hundred years at this price point is also more than the entire world GDP. I was responding to the bad math of a previous commenter who seemed to think 300 trillion was within an order of magnitude of the cost to produce carbon in some individual countries when it’s several orders higher,Physics
0x2014,"casually, in practice: ""d star f equals star j""\n\nin a lecture: ""the exterior derivative of the Hodge dual of the field strength tensor is the Hodge dual of the current""",Physics
0x1d72,"i used it on my own with help from my professor before actually taking the class.. in class now, we r using taylor.\nthanks for the suggestion, i'll definitely look into it.",Physics
0x136,"I mean, it was always there, but it was pretty small until relatively recently. [Here](https://i.imgur.com/YufGuTz.png) is a plot I just found from googling, it's in [this](https://arxiv.org/abs/1805.11033) paper which is in PRD. The x-axis is the scale factor which is related to time; the right side is today, the left side was a long time ago. The y-axis is the fractional energy density. Don't worry about the different line styles, they are details of the specific model in this paper. But in general we see that the universe used to be radiation dominated (teal), but radiation redshifts away very quickly and its energy density goes like a^-4 . Next we have a matter^1 (brown) dominated region since its energy density decreases only like a^-3 . But there is also dark energy (purple) whose energy density remains constant in time: a^0 . So it was always there but when you realize the x-axis is logarithmic, it isn't surprising that each one turns on/off fairly suddenly.\n\nAs for the future, see LSST now VRO, their physics cases are outlined [here](https://arxiv.org/abs/0805.2366). Their expected sensitivity is shown [here](https://i.imgur.com/6lFJyne.png) in terms of the equation of state and the evolution of the equation of state. There are probably more up to date sensitivity studies, but this should get your started.\n\nAgain, it is not a placeholder, I'm not sure why you insist on claiming this. We know its equation of state. We know its redshift evolution. It is consistent with the model expectation from a cosmological constant. The precision on these measurements are quite good. It continues to survive robustness tests. Feel free to continue calling it a placeholder, but we have a good idea of the underlying physics and have measured its phenomenology in a number of environments.\n\n^1 Note that the plot says DM for dark matter, but they really mean all matter including baryonic matter.",Physics
0x242a,"it has the profile of a circle when viewed from either end, and uh, the rest is a cylinder.\n\nalso elliptical cylinders are a thing in contrast to your run of the mill circular cylinder",Physics
0xbe9,"OP is one of countless bots spamming subs with posts about prints, shirts, and mugs. Don't order products from any links in the comments, as they are disreputable sites and the art is all stolen. Report these posts and comments to the mods, report the accounts to the admins. https://www.reddit.com/report",Physics
0x1ca0,"I think we’re lazily glossing over this as a physical situation. We’re not accelerating a “bullet” to 150,000,000 m/s and then seeing anything other than the massive discharge of energy on the surrounding  environment when the bullet is instantly vaporized and the local atmosphere is excited into a plasma cloud.",Physics
0x1378,"I think you mean is the radius of an event horizon specific for each black hole and the answer is yes, it is dependant on mass. the formula for the radius of a the event horizon is R=2GM/c^2.",Physics
0x1fc9,"What I tried to explain is that it is an integral part of how the body works. The systems it takes part in derive from its essential role in metabolism, if that need was not there, it wouldn't exist. The carbonic anhydrase component is the best example of this, if no CO2 were present, that buffering system would not have evolved and if it were suddenly absent the organism would not survive. FYI, a very small amount of CO2 is expelled by hemoglobin, but that's not sufficient for survival.",Non-physics
0x2106,"Even if one of them wasn't anhydrous, you could heat it to get the water out. Could also use anhydrous magnesium sulfate, which you can make from epsom salt!",Non-physics
0xa88,"You're not wrong, but you've ignored my point that the down wash of the helicopter may influence the air resistance near the point of attachment. By experiment it seems not to be the case, but how to come to this conclusion without prior experience, I'm still not sure of.",Physics
0xd6,"Well yes but the energy output is positive. Like when you burn something you get heat output because the reacion is self sustaining. Yes, in the process of formation of whatever you burn (eg. oil, coal) energy was consumed (either when the elements were created during supernova or formation of a resource deposit) but what we care about is LOCAL energy balance. Energy generation is a process where you take energy from a source in some form (electricity, thermal energy, gravitational potential energy etc.) and can use it to perform work. Your setup does not generate energy or perform work directly with it. Bold of you to throw around Dunning Kruger effect when you're the on experiencing it.",Physics
0x2669,"To expand on what the other post says, observation in QM should be more accurately described as measurement or even simply interaction. Like if an electron is moving around doing whatever it is that electrons do, the way I would observe it is to smash a photon into it and then either look at the photon with a camera or my own eye. The ""observation"" is the act of the photon hitting the electron, not my eye or a camera reading the photon (which is an observation itself, but not of the electron).",Physics
0x1dad,"https://iopscience.iop.org/article/10.1088/1367-2630/18/2/023009 highly debatable and pedantic argument, one can also argue that ""mass"" is required for momentum. Either way, light does have gravitational force which can also be interpreted as mass depending on your perspective.",Physics
0x1251,Yes it’s the same concept as ohms law but you would have to have Resistance or another factor to get you to the point that you can make the equation for a final answer,Physics
0x18a,":D you are definately a hardass about this, i agree.  but thats definately not a good thing. a) yea, bc I didnt feel to point it out. b) you made it more serious than necessary, so i switched from character to actually explaining. Most of your stuff only holds up for your interpretation of things. you are know basics of science, but not so much with humans it seems.\n\nyou should read my first comment and watch the video again and act as you dont know nothing beyond that video. if you mix limited information with a meta level of dunning kruger, than you get it. funny that you write 'you just look dumb' and STILL dont get it :D \n\nJust let it go, kanye. your educational support is of greater value.",Non-physics
0x1693,"If it's just water, then what you see on the bottom could be just a limescale — the same as in some electric kettles and washing machines.\n\nThe ""white powder"" is calcium carbonate CaCO₃ (also known as chalk). It accumulated because your water being too hard, meaning that it contained too much of Mg^(2+) and Ca^(2+) ions dissolved in it — salts of these ions just precipitated in the water. Limescale is barely soluble by water, however, I think that any remedy or way against limescale will make your cup good as new (I just don't feel competent enough to give any specific advices how to remove it. Use google!). Good luck! (\^\:\n\nP.S. And probably consider pouring your water from different source — although hard water is pretty safe to drink, it terribly affects all machines that require it to operate and all containers (like in this case).",Non-physics
0xff7,"I've just read a book about fungi, Entangled Life by Merlin Sheldrake, fungi are really fascinating and there's a whole chapter dedicated to the way plants and fungi live together. IIRC plants were only able to get out of the water and onto land by using the mycelium as a root system because they hadn't evolved any own system yet.",Non-physics
0xbcd,What if the source was a tube to space and you had a valve at the top so you could open it and the vacuum would pull the water up.,Physics
0xe04,"Rotor wash dissipates very quickly. Mythbusters did a thing with someone dangling from the landing gear of a helicopter, they found that the force was 50 grams (yeah yeah, weight versus mass, you get the point).",Physics
0xdca,ngl this comment confused the living fuck out of me this ice was bought from asda so if asda are using chemicals in my ice theyre making the friggin frogs gay,Physics
0x1298,Einstein said that it is impossible to construct a reference frame moving at the speed of light relative to another and this the statement that time stops at the speed of light is nonsensical.,Physics
0x227e,"I’m taking 3rd year evolution course in my undergrad. I’m not a bio major but this was open to people with just high school bio but had to be 3rd year. I’m specifically researching for experimental analysis determining if recombination or primary mutation is more important for variation in a population. Just looking for keywords that can narrow my search results to articles that more fit that specific topic, instead of recombination rate variation within a population.",Non-physics
0x8cf,A cylinder of helium falling off a top shelf can kill you dead. \n\nDivers mix helium and oxygen for very deep dives because it's nearly insoluble in blood.,Non-physics
0x2310,probably referring to wine there... that shit will continue to ferment and ethanol will get turned into acetic acid before it becomes carbon dioxide and water.\n\nBut the acetic acid part is 90% what they want to hear.,Non-physics
0x735,"If you pile up electrons in a hypothetical chamber, they would occupy higher and higher energy levels because they repel each other and because they are fermions.\n\nThe first thing you would see is that nuclear reactions happen with the gas inside the chamber. The high density electrons would turn some of the protons into neutrons. You would see strange, stable isotopes that never occur in nature.\n\nIf you increase the electron density even further, you would start to see muons in the chamber. The electron energy levels are now so high that the system can gain energy by turning an electron into neutrinos and a muon in a low energy level.\n\nIf you go even higher, you fill up muon and electron energy levels. At some point, you have enough energy to create even tauons, which now pile up in the hypothetical chamber.\n\nThere's also the competing process that putting a lot of charge in one spot costs a lot of energy and a lot of energy in one spot can give you a black hole. It's not so easy to calculate when this would happen though with interacting fermions and all.",Physics
0x909,"I’m sorry. I don’t think you are considering the thermodynamics relevant to the situation. \n\nI don’t know what you mean by “filtering the atmosphere to get to the adsorption part.” The adsorption of CO2 is the same thing as the filtering. The point is to have an adsorbent that is selective for CO2 over other atmospheric gases. \n\nHere are two examples explaining why I don’t think your analysis is correct. First, rather than direct air capture people are working on capturing CO2 from a coal or natural gas flue stream. As mentioned in my previous comment, a coal plant will produce a good deal more CO2 than a natural gas plant will for the same amount of energy generated, but this actually doesn’t matter so much for the point I’m trying to make besides making it likely that you would want a different adsorbent material for the the two cases. If what you’re saying is correct, this work would be a completely pointless endeavor. In order to capture the CO2 from the fossil fuel plants, you would have to generate as much energy as they are generating with renewables. There would be no reason to do this if you were correct, yet this is a very active area of research that gets funding from the DOE and other sources. This is more of “proof by authority” than actually addressing your point with a physical argument, but I mention this because it’s one of the main reasons that I initially was skeptical of your claim. There are likely many hundreds or thousands of scientists currently working on, evaluating, and funding this type of research that your apparently simple argument based on the second law of thermodynamics renders pointless. It seems unlikely to me that so many people just haven’t considered this claim, especially since process modeling on the economic and materials cost of these materials is common as well and in that type of modeling, they develop sophisticated thermodynamic and kinetic models of CO2 capture in specific materials. They wouldn’t continue doing this if it were as simple as just having to input as much energy as you initially got out since then it would be a pointless task. \n\nThe second example is one I alluded to in my previous comment. Suppose in one case that all of our historical emissions were from coal plants, and these emissions gave us some energy E_c. Suppose in another case that all of our emissions were from natural gas plants, and these emissions gave us some energy E_n. In both cases there would be the same amount of CO2 in the atmosphere, but E_n > E_c since natural gas emits less CO2 than coal for the same amount of energy generated.  By your argument, in these two scenarios, we would have to generate different amounts of energy to capture this carbon dioxide. This doesn’t make sense, however. Once the carbon dioxide is in the air, it doesn’t matter how it got there. We aren’t trying to turn the CO2 back into coal or back into natural gas. Instead we are trying to get it to bind to some material, and the energy required to make the material and unbind the CO2 later (if that’s required for storing it underground) will be fixed for the same material capturing CO2 from the atmosphere, regardless of the source of the CO2 initially. The material doesn’t care if the CO2 came from coal or a fire or from a person breathing. \n\nTo address some of your other points, CO2 absorbs IR radiation from the atmosphere, but it also re-emits IR radiation. After absorbing light it doesn’t permanently stay in an excited state. \n\nYour fart example misses the point again. The point of carbon capture isn’t to end up with coal or natural gas or whatever else as a byproduct of CO2 capture. The point is going from coal -> CO2 (and other things) -> CO2 bound to some material. It isn’t trying to make something a reversible process.",Physics
0xeb4,"I'm a rodent biologist who's spent years working on pocket gophers and earned my master's working on squirrels (and the general rodent community). Not to make it weird, but this comment is *sexy*.",Non-physics
0x1559,Distance travelled will be the average velocity x time.\n\nFor a constant acceleration the average velocity is just half way between the starting and final velocities I.e it's (Vi+Vf) /2,Physics
0x1ad5,"Ho boy… high school student here, heavy interest in calculus and physics and a raging curiosity. If it isnt an injustice, could someone give a translation down to my level?",Physics
0xe8c,"Gravity changes the rate at which time elapses, in a stronger gravitational field, time ticks more slowly. Since the strength of gravity on Earth depends on the distance away from the Earth's center of mass (it core), time passes more slowly nearer the Earth than it does as you move away from the Earth's surface. The authors have measured this effect when moving the clock 1 mm.",Physics
0x150c,It still presses on the things that it touches. In this case what looks to be a test tube with air and weight in it expands when they pull the water out making it float.  \nIf you have a different explanation relating it to the toy you posted I'd like to hear it.,Physics
0xa46,"There are papers out there like this:\nPhylogenetic study and identification of human pathogenic Vibrio species based on partial hsp60 gene sequences, Kwok, et al\n\nSo what you are doing makes good sense.\n\nThis is a puzzle. You say you have amplified hsp60 from other templates. Do you mean the same set of vibrio species in other types of samples? Or different vibrio species? Vibrio is really diverse. Your primer sequences might be ok for hsp60 from some vibrios but not for others. So check the sequences of the hsp60 primers versus the sequences of the specific vibrio hsp60s you are after.\n\nThis is an aside but one thing we have learned the hard way is that you cannot generally trust primer sequences from the literature. Calculate the Tm's yourself and make sure they are reasonable. Very often they are not.",Non-physics
0x148a,"It's just all amazing. How everything's there to do what it does. A weird thing that happens when we're badly injured ( cut or otherwise, due to an accident) someone has to tell us alarmingly about it . Like, omg how did you cut yourself ?!? Up to that point, until we actually looked at it, we had no idea. Like the second we realize it, it starts hurting .",Non-physics
0x1578,I recently did a project for odour Absorption. \nI managed to mix a sollten of indole skatole triethylamine dimethylsulfide thioglycol and isovaleric acid as a reference substance to absorb. I think that might have been the most rancid the Lab and me smelled in like ever. \nSomehow still satisfing though.,Non-physics
0xd2c,"I upvoted you because the theory behind your explanation is technically sound, except that the OP is likely referring to tap water which contains nowhere near the solubility limit of calcium bicarbonate. Your mechanism (evaporating the bulk water off) is a primary source of scale essentially if a kettle has been boiled completely dry. However I think the topic is more so about deposition of limescale at concentrations far below the solubility limit.",Non-physics
0x1392,"maybe try water flavoring? I used to not drink water at all during my 6th grade year cause i thought i tasted nasty and had a sharp texture, and mind you at the time i was drinking about 4 liters of pop a day but i saw a ad for Mio and decided to give a try and haven’t had a problem drinking water since",Non-physics
0x277a,"I don’t know what to say, but here the governments are trying to fight them by keeping them at bay trying to minimize the harm as much as possible, because it is already impossible to eliminate them completely\n\nhttps://en.m.wikipedia.org/wiki/Pine_processionary",Non-physics
0xef3,"No, or at least not with such a setup. In general relativity measuring the time difference is equivalent to measuring the local gravitational acceleration. They measured that with an uncertainty of 10% or so, figure 4 in the paper. A high school experiment with a pendulum can measure the local gravitational acceleration more precisely. A good gravimeter will measure the local gravitational acceleration with a relative uncertainty below 10^(-10).\n\nNone of these give a good measurement for G because we don't know the mass of Earth precisely enough (our best estimate comes from using G to calculate the mass, so you can't do the reverse). To measure big G you need to measure the force between two (known) masses in the lab. The time dilation from that is far too small.",Physics
0x8cb,"I'm not saying that technology won't be involved in solving our problems, but I think that a blind belief in using only technology to find that magic fix, that if we just tinker a bit **more**, is dangerous and partly why we are in this situation. Besides blind greed.",Physics
0x1702,"Just to be clear, the sun is made of gas/plasma but is not ""on fire"" in that it is nuclear powered rather than by a chemical reaction like traditional burning.",Physics
0x9c1,"I thought about rockets as well but they just exert energy to exit a field unlike hydrogen which doesn’t need anything because it’s less dense than everything else so it floats to the top. So in my mind it looks like this, heavy gasses trapped in atmosphere by gravity then hydrogen escapes from the ground and is less dense than all the other gasses so it speed up to a max velocity (think of a ballon filled with air under water). Then once it meets the edge of where there is less to no other gasses in the atmosphere it has to just push against gravity now and right there it glides right into space with ease. So does hydrogen actually have a weight if it fights past our gravitational pull with ease and if so how much does gravity effect hydrogen and so that’s why I’m curious of it’s weight. In other words what is gravity’s downward force on hydrogen",Physics
0xa7a,"Your question is somewhat vague (aquatic ecosystem? marine ecosystem? terrestrial ecosystem? Plants only or what?) but I will try to answer your question in a general manner.\n\nOne potential reason why species diversity may boost oxygen availability is that some plants may be complimented by other plants providing nutrients they themselves cannot make, thus allowing them to grow faster and thus produce more oxygen as byproducts of their metabolism. Some animal species may consume herbivores and potentially increase the amount of primary producers within the ecosystem or these animals might help disperse the plants to previously unexploited locations that are conducive to primary producer productivity.",Non-physics
0x2071,"Anecdotally, people have been finding the math ones the hardest in general, but out of the physics papers I agree re: condensed matter.  Have been pretty surprised how many vixra papers are about niche condensed matter systems.",Physics
0x35b,">used in response to something causing excitement or delight  \nAdditional Information  \nalso ""poggers"". ""pog"" is used in the Twitch community to mean ""play of the game""; you can be ""pogchamp""\n\nOkay I had to look that one up.  I'm excited too this series sounds great...BUT LISTEN HERE, YOUNG MAN.  When I was your age, we had toys called ""Pogs"", which were thick cardboard disks with pictures on them.  You'd take turns hitting em with a peace of plastic(also in disk form) and sometimes some of em would flip over.  You'd keep the ones you flipped, so a lot of kids learned the hard way what happens when you gamble.  Anyways my point is life before the internet was so boring that we did shit like that.  Ever since the internet became ubiquitous it seems like nobody gets that bored anymore.  I wonder--in earnest--if you kids might be deprived of a healthy type of boredom.",Physics
0x1ea0,"Do you have a good idea of a way to get an accurate reading of the activity of a vegetable? Maybe dehydrate it and make it into powder, since you can then control the thickness of it and make it not block its own radiation or something?",Physics
0x26b3,"Generally if you can't explain your data in a simple email you've fucked up, especially if it's something straightforward. With some stuff, like devices with a dozen terminals, maybe you could use that excuse but I give out 'stupid csv' files with a dozen columns regularly and only need to write about a paragraph to explain everything to collaborators\n\n\nIf the results are faked, then it would definitely be good to have the data, because sometimes you can find irregularities. (Remember the room temperature superconducting golf/silver nanoparticles manuscript a few years back that got ripped apart because some of the graphs looked like they had falsified data?)\n\n\nThere's some potential to pull useful results out of the data still. Their sweeps were a pretty generic set of sample measurements - couple of magnetic fields and pressures. It's a normal superconductor characterization for the most part, though I'm not too familiar with the high pressure aspect. Plus resistance curves had some weird bumps that they can't explain",Physics
0x1dd6,"Depends on the job, but usually yes. It’s important to be familiar with the relevant literature. It does get easier when you get used to the jargon, the writing style, and the stats. I thought I’d never get used to any of it, and it’s still hard for me because I have reading comprehension problems, but I was also surprised during my master’s at how much easier (and even interesting) it got once I was more familiar with the subject.",Non-physics
0xf28,"For me as a young fit person the main reasons for getting the vaccination have been:\n\n1. We do inhale and eat (through environmental pollution) a lot of more harmful things everyday - so why pretending the ""uhh my health"" shit \n2. The virus can harm even fit people (my sister is still suffering from long covid syndrome even though she was perfectly healthy)\n3. The pack immunity helps protecting the weak around us\n\nWe do consume everyday a lot of shitty things even if we try not to. So calm down and take the vaccine. There are fucking crazier things going on in the world.",Non-physics
0x1f73,"In this study, variation in circulating testosterone could account for about about 26% of the variation in vocal fundamental frequency, in adult males.\n\nEvans et al, 2008. [The relationship between testosterone and vocal frequencies in human males](https://www.academia.edu/download/44615569/The_relationship_between_testosterone_an20160411-13756-1frujwf.pdf). Physiology & Behavior, 93(4-5), pp.783-788.",Non-physics
0x73e,"The headline is a little misleading. The article makes it clear that this is a first step towards probing gravitational effects in a quantum realm. They were working on the millimeter scale which is still very large when dealing with quantum effects but even then the difference they measured was incredibly small, so it makes sense that anything smaller would be even harder to measure",Physics
0x27cd,"It's said Bonobos mate face to face, have boundless sexuality... and that there is no discernibly wrong time to mate. Yet pair bonding is not in their game.\n\nCasual Sex Play Common Among Bonobos | Discover Magazine  - https://www.discovermagazine.com/mind/casual-sex-play-common-among-bonobos",Non-physics
0x2613,"https://www.google.com/amp/s/www.8newsnow.com/i-team/i-team-covid-19-listed-as-third-leading-cause-of-death-in-nevada-for-2020/amp/\n\nhttps://www.healthsystemtracker.org/brief/covid-19-continues-to-be-a-leading-cause-of-death-in-the-u-s-in-august-2021/\n\nhttps://www.abc15.com/news/coronavirus/new-report-shows-covid-19-is-now-leading-cause-of-death-in-arizona\n\nAnd not saying you’re wrong the statistic you share is true, but we are dealing with a very large rate of infection. I just think it’s fair to be cautious. Maybe not as cautious as OP but I don’t know their situation",Non-physics
0x39f,">I would of thought intuitively that air resistance would have nothing to do with it and the two biggest forces are just gravity and something like a pulling force from the helicopters movement\n\nNewton's first law of motion: An object in motion remains in motion unless acted upon by an unbalanced force. If we neglect air resistance, then once the helicopter gets up to speed the rope will also have the same speed, they would both be moving together. The helicopter wouldn't be dragging the rope along, they'd just be moving forwards at the same speed. \n\nIt is only once we add air resistance that the helicopter then needs to drag the rope along with it.",Physics
0x22c2,"I have two book Suggestions,"" feynmans lectures on physics"" more about concepts and ""science for bachelors"", i know, that you can find the first for free online,\nGood luck, hopefully i could help",Physics
0x130c,I believe this is what is used to blacken the sights of rifles.  You put some small stones in a canister with water.  The canister has a Zippo lighter type of top.  You close it and light the gas that comes off. It makes the sights on a weapon black and sharp.,Non-physics
0x100d,"The flapper was originally red, now pink because of chlorine in the city water, and it's super old and broken down because of the other chems in the city water, not sure what all is in the city water but I do know it's around 450ppm which is 450 parts per million, which is gross no matter what It is. Just replace it. You will always have bacteria in the water unless you get a whole home uv filter, I would also recommend getting at minimum a dual filter system and pop a couple carbon filters in there, one carbon block and one granular. Good luck",Non-physics
0x1200,"AFAIK there is nothing that has to do with Polymerisation. It is just Ink that gets placed and dried. Like you are writing with a normal pen. \n\nPolymerisation is a kind of reaction, where smaller molecules combine to one big molecule. E.g. the synthesis of PVC.",Non-physics
0x1a1f,"The problem is that all the excess energy associated with global warming is in the vibrational modes of CO2 molecules distributed throughout the entire Earth’s atmosphere, and then a small fraction of a second later gets radiated back down towards the earth.\n\nYou’re idea violates (in spirit) the second law of thermodynamics. There’s not really a way to take energy that’s distributed across a wide range of different degrees of freedom and concentrate them into one area.\n\nThis is why heat transfers from hot things to cold - energy naturally spreads itself out, it doesn’t go the other way.",Non-physics
0x1afa,"True. But there are people who post on Facebook under their real name, so a caution about that would be warranted. It’s personal, and should be private, but not all employers would respect that.",Non-physics
0xe9c,"Eh, maybe? In this case is kind of does change the answer from ""no, light has no mass and therefore no gravitational pull"" to ""yes, light does have gravitational pull [because of the stress-energy tensor, which doesn't need to be mentioned]"", right? So while it may be an intricacy it truly matters for the answer.",Physics
0x1b88,"let's go to an extreme: the bullet travels at 90% the speed of light reletive to the target. the bullet travels 9 light seconds in 10s. A camera on the target would get 1s of footage of the bullet as it travels 10 light seconds. did the bullet travel 10x the speed of light? no. But, the video WILL be sped up like a timelaps and will be heavily blue shifted. The bullet will also be length contracted in your direction and it's internal clock will be ticking slower. There will be enough information in the footage to calculate it's speed reletive to the target correctly",Physics
0x1096,"I've repeated this several times, but you are just incorrect when you say this ""If you mean: the amount of energy required to re-uptake the CO2 from the atmosphere has no relation to the energy that was spent in releasing and mixing the CO2 into the atmosphere, then you're very simply wrong about this."" I'm not sure why you are so insistent that I'm the one that's wrong. I've sent journal articles that directly show that what you're saying is wrong. \n\nPerpetual motion machines and the second law's proof that they can't exist have absolutely nothing to do with carbon capture. I have said this several times also. \n\n""he energetics and thermodynamics of releasing that exhaust into the atmosphere is still such that I say confidently: you would have to use _at least_ the energy equivalent to that of burning the original log to get the exhaust back"" Again, you are just wrong about this. The link I included earlier even said that it is possible to have a carbon capture device that is powered by fossil fuel energy sources that would capture more CO2 than gets emitted by the fossil fuel energy source.\n\nYes, I've written walls of text because of your apparent refusal to realize that you are just wrong. That's why I ended up just opening up a review article on direct air capture that I read a while back to find the thermodynamics section which directly contradicts everything that you've been saying. I feel like this is wasted effort to be honest.",Physics
0x4b2,"If your trying to get into the pharma field I’d advise Biochem, simply because of how medicine in a whole is moving more toward biologics rather than small molecule work.  All RD in pharma is now basically Biochem related\n\nProve me wrong",Non-physics
0x815,"OP also ended up with 2 g’s somehow, but that didn’t affect the final answer. Maybe OP got confused and didn’t realize only the t should be squared.",Physics
0x2490,"(Rewrote this comment cause the original was bad)\n\nAll this time I've been talking about capturing the CO2 that is already in the atmosphere.  \n\n\n>To address some of your other points, CO2 absorbs IR radiation from the atmosphere, but it also re-emits IR radiation.\n\nThat's basically *why* CO2 is called a greenhouse gas.  It captures energy from the sun, and releases it into the atmosphere, thereby causing global warming.  \n\nO2 doesn't.  N2 doesn't.\n\nI'm a physicist, by the way -- shoulda said it earlier, perhaps.",Physics
0x1b64,"The sidebar has several suggestions.\n\nOn reddit you should always read the sidebar of a sub before posting. In fact, when you posted this it said: ""submitting to /r/Physics: Please read the sidebar before posting.""",Physics
0x918,"Could you elaborate more on your second law of thermodynamics claim? And also more broadly why you think the energy required to capture carbon must be greater than or equal to the energy we gained from it initially. After looking more into it, I’m a little more skeptical. \n\nYou can see here (https://www.eia.gov/tools/faqs/faq.php?id=73&t=11) that different sources produce different amounts of carbon dioxide for the same amount of energy produced. When climeworks or anyone else captures CO2, there will be a fixed energy cost. It won’t vary based on whether the CO2 being captured came from burning coal or natural gas or from some natural process. All of these will generate CO2 with different amounts of energy produced. Like I said before, carbon capture isn’t trying to reverse the initial carbon emission process. The CO2 ends up bound in a different molecule or solid than it initially was before it was emitted. In fact, when gas phase CO2 binds to a typical adsorbent, it is energetically favored for the CO2 to be bound, so that energy will be released in the form of heat. This heating up of the material upon CO2 adsorption is actually problematic sometimes since the heat has to be dissipated for more CO2 to bind, depending on the way CO2 binds to the material. \n\nIn this type of adsorbing set up, the main energy cost is associated with desorption of the CO2. The energy inputted to desorb the CO2 is completely independent of the energy gained when the coal or oil was burned. The energy needed to desorb the bound CO2 depends only on the specifics of the adsorbing materials, and we are capable of generating materials with a large range of adsorption enthalpies.",Physics
0x20fb,"I finished my PhD in analytical chemistry in May and let me tell you, you’re going to be just fine. Mass spectrometry method development experience is really sought after right now particularly if you also have HPLC experience. Not really sure where this commenter is coming from but everyone I know that got a chem PhD in the last 6 months is doing great.",Non-physics
0x362,"Yeah our engineers for the previous company I worked for did no chemistry at all. Our research chemists scaled everything and it was a matter of working with the engineers to design the physical process. Boilers, basins, seperation, etc. and more importantly when to add or pump in chemicals",Non-physics
0x19b7,"I looked at them all, just replied to the one that seems to propagate floating point errors the most. And sorry I won't run python for you, I'm pretty busy with my own stuff recently.",Physics
0x1abd,"Just imagine in a few centuries, the goal might be to make a clock reliable enough to take on a ship in order to calculate longitude!",Physics
0x5fa,I can provide logical facts but it’s up to you to believe them or not. Mainstream society is totally against anything discrediting the current COVID narrative. It’s taboo to say anything bad about COVID or vaccines.,Non-physics
0x1217,"Oh gosh haha. Yeah I understand. I was in a class and I think the example was stretching a polymer and the teacher said something like, ""we analyzed at what happens when we stretch this, and we didn't assume any sort of interaction forces between the polymers; the pull felt to restore to equilibrium is only due to entropy"". And I was like uhhh what? Haha.",Physics
0xdd5,"Some bug sprays, especially in low doses, aren’t sufficient enough to kill big insects and just leave them somewhat paralyzed. I’ve seen cockroaches and even wasps persist for quite a while, limping around after getting blasted. Some jerk might have gotten spooked and tried to spray it.",Non-physics
0x23e,"In this hypothetical case, the pain she perceives from living is greater than the pain she anticipates from dying. She also signed off on the paperwork that it was her wish and request to be dispatched in this manner. \n\nAs a former ER nurse for over a decade, I think I have a much better grasp on the meaning of pain than many, but this is not about credentials, it’s about selfishly keeping dragonflies around who are slowly dying for our own feeling of superiority for allowing a dying being to exist in a prolonged state of suffering.",Non-physics
0xc3b,I don't have much expertise on it but a recently discovered spider in Madagascar has the strongest web. Its silk is considered to be the toughest known biological material. https://en.wikipedia.org/wiki/Darwin%27s\_bark\_spider,Non-physics
0x199b,"Both will work, but isopropyl might be the choice solvent to use. Don’t think it matters that much but someone may correct me. \n\nAlso don’t use ethanol if you’re planning on using ethanol produced for consumption — need pure ethanol.",Non-physics
0x1af4,"I believe you are thinking of the model of space time using a 2D plane. But space has 3 dimensions. The curvature of space time around an object like the Sun, happens in all directions. So no matter what angle you would approach the Sun from, you would converge on the Sun. There is no “below” it.",Physics
0x709,"In the time you wait for someone to answer your homework question, you could go read about it and make conclusions yourself and write a paragraph. That's what science is.",Non-physics
0x13dc,"If you are doing an experiment at school you should have a textbook with you that explains kinetic energy and other relevant laws, or a teacher who can help. \nAre you sure this isn't a homework question?",Physics
0x1451,"Dragonflies typically live less than a month as adults so it is probably reaching its end soon. Sad, but that's the fate of all living things.",Non-physics
0x5e6,This submission does not appear to be related to physics. Perhaps it was posted to this subreddit by mistake.\n\nYou may want to try  another sub more related to engineering or technology  instead.,Physics
0x1ad9,"Sucrose (table sugar) + H2O + acid + heat causes the breakdown of sucrose into glucose + fructose. This is called inverting the sugar. In beer, wine, hard beverages production invert sugar is preferable to table sugar because yeast can more efficiently convert the simpler glucose and fructose into alcohol during fermentation. 'Browning"" the invert sugar leads to production of some non fermentable compounds, which when used in a fermentation can add depth and body to the final brew.\n\nr/homebrew",Non-physics
0x1e66,"The guy who works for the coal company came through and down voted all of our comments, this is where real solutions die in obscurity thanks to capitalism",Physics
0xe98,I did have this pop up at a certain point when I was making my short searches but it wasn't exactly what I was looking for.,Physics
0x26a3,"In this video I use the standard python packages sympy and scipy to derive and solve integrals that quantify the electric potential of various configurations of polarized objects in python. Specifically, I show how to properly use sympy to derive appropriate expressions for the integrand (least hassle possible), turn these into appropriate python functions, and then use integration functions from scipy at many different ""test"" locations in space. This is then used to create various contour plots for electric potential at different regions in space.",Physics
0x124a,"“Proven” is a strong word.  If what you mean is “there is evidence (strongly) suggesting that…”, then it would be a good idea to provide that evidence, such as a link to a peer-reviewed paper!",Non-physics
0x9ba,"Yeah yours sounds a little different than mine, My issue is crazy neurological and is being shared by so many different people. Numb limbs twitches tremors swelling limbs nerve pain vascular inflammation pots syndrome issues heart issues breathing problems etc...\n\nWeakness that's like GBS. Small fiber neuropathy positive, I knew that this was similar to long covid but I started talking to someone with long covid who never got the shot. His symptoms and diagnosis are identical to mine it's crazy. Whatever flavor of long covid he got. I got it from the shot. He's going on 18 months with improvement slow but no cure. So he's definitely not one of these "" it lingers for a few weeks"" people. Some of these covid sufferers have really had no light at the end of the tunnel since the very beginning and are still looking for answers. \n\nMy symptoms match up with micro clotting but it doesn't show up on d-dimer it is likely the case for me.",Non-physics
0x138e,"I took an intro quantum cryptography class in grad school. Given my physics background I found the physics requirements to be trivial, but the pure-CS guys had a bit of a rough go.\n\nIf you want a successful career in QC research you will need a PhD. Otherwise you'll be stuck as a low-level lab assistant.",Physics
0x409,"If I wanted to help participate in research in my university how would I go about asking, do I just email a professor and ask them if I can join them? (I am undergrad).",Physics
0x17a8,"I mean yes of course, but you would at most read some explanatory pamphlet or watch a explanation video you would not be able to read the paper itself. Just the formal study of quantum mechanics is 3 years in a physics curriculum and you won't hear anything about superconductivity and time reversal symmetry until at least another year.\n\nMost of the introductory courses don't actually teach you the subject as it is known currently but simply give you an simplified look so you can grasp the basics",Physics
0x1f54,"Consider a vertical cryogenic liquid storage tank (say liquid nitrogen) where the pressure in the vapour space is 1000 kPa. Liquid nitrogen is supplied out of this tank, from an outlet at the bottom of the tank. No pump, just liquid decant/gravity fed out. I understand the liquid at the outlet is subject to a force according to the height of liquid above it (and density, gravity). \n\n- To what degree does the 1000kpa of pressure in the vapour space affect the liquid that is 'pushed out' the bottom outlet? Does this pressure apply a force on liquid below the surface at all? \n- if we consider the liquid level height and the vapour pressure as variables, which will be a more significant factor in how 'quickly', or with how much force the liquid is pushed out the bottom?\n\nIt's been a few years since uni and I'm trying to wrap my head around it. I keep thinking intuitively if you put a second outlet just below the surface level of the liquid, I would expect the flow out of this to be less than the flow out the bottom. But I can't find a way to separate the forces/show that the liquid head is the determining factor. I tried to calculate the liquid height force (rho*g*h) and compare to the force due to pressure of the gas, but the gas pressure came out much larger lol.\n\nIs it simply that the vapour pressure only acts on the surface boundary and below that the 'pressure' on the liquid is due to the liquid height?\n\nThanks!!",Physics
0x18fa,"I can think of a few answers, but none are probably what you're looking for.\n\nFirst ""device"" would be a sufficiently thick, opaque box. No matter how bright the space outside it is, you could go inside and it would be nice and dark. However, this involves being surrounded by the ""device"" aka just a box. \n\nAnother option is to have objects painted with one of the absurdly dark ""paints"" developed in recent years, such as Vantablack. Even with the lights on, these objects would be ""invisible"" in the sense that they would reflect almost no light (it would be easy to see them if they were silhouetted against non-blacked out objects, however). If enough of the room was covered in this way, it would definitely appear darker than it otherwise would. However, they aren't emitting darkness so much as absorbing any visible light incident upon them.",Physics
0x16cd,"Check again. In the numerator under the square root you are subtracting a velocity from a distance.   While it is okay to multiply and divide quantities of different dimensions, it is not okay to add and subtract them. Since it is a velocity and distance we are dealing with, that should tell you that you’re missing a factor of t or inverse t",Physics
0xff3,"Yes, I think that'd work just fine, but I'm not sure if it'd be economically sound. When U-235 is separated from U-238 via gas centrifugation, it doesn't need to be anywhere near as pure to be used in a nuclear reactor (just 3-5% U-235 will do) as lowly-enriched uranium, while you'd want the nitrogen-15 to be as pure as possible since nitrogen-14 is a neutron poison.",Non-physics
0x16c8,"Oh hell, you're not even good at trolling. I've read a read a book, multiple even. I'm also a volunteer science tutor and I get to hear students constantly talk about how they can't possibly do science. And they think that because pricks like you condescend to them. So how about you take that big biology brain of yours and do some fucking work instead of trolling a biology sub to try and prop up your sense of self worth. And what may I ask, do you do that makes you an arbiter of what science questions are allowed here?",Non-physics
0x1e7,It would take slot of convincing for me to go that route. Thank you though I still respect you even tho I don’t necessarily agree that’s okay. I appreciate that also thanks for that. Also thanks for the civil discussion and not being emotional I appreciate even though you probably think I’m an idiot (I know you didn’t say that) you still talked to me rationally.,Non-physics
0xa63,"Remember the sun is mostly hydrogen, it obviously is “heavy” and incredibly so like 2x10^30 kg. There is no negative gravity, there is buoyancy though that’s why or partly why hydrogen “escapes” it’s the floatiest. I’d recommend some intro physics google searches, a little stability goes a long way. \n\nGood luck",Physics
0x263d,"Not quite.\n\nA charged particle affects the nearby electromagnetic field. We can express this using a potential, but that's just a separate mathematical description of the same thing.\n\nIf you were to measure this potential, you have to introduce a second charged particle that gets affected by this potential. When this happens, the electromagnetic field will be excited in such a way that the two charged particles exchange photons to affect each other's momentum.\n\nDifferentiating between ""real"" and ""virtual"" photons is a bit vague anyway - in both cases, all the photons can be seen as ""virtual"" photons since they are short-lived and not observed directly (their existence is only inferred from the observation that the charged particles will exchange energy and momentum).",Physics
0x899,"If you can't afford college, your best bet is YouTube.\n\nStanford and MIT have full college courses on YouTube for both high level mathematics needed to understand the math, and physics classes, for free.",Physics
0x23c2,"Hello,\nI would like to ask for help regarding my thesis research because the results I am getting don't make any sense and am getting desperate. The aim of the experiment was to find if prolonged storage has any effect on L-ascorbic acid. I had several samples of ascorbic acid ( new, opened for week, opened for 3 months, and opened for more than  a year). I used titration method using DCPIP to found out if there are any changes. Firstly, the results show that there is more ascorbic acid than I actually used (I made a solution using 0.1g of ascorbic acid and 500ml of water, all the results show that there was more than 0.1g used which I can't explain. Secondly, I have repeated the experiment 4x and there is always an significant outlier. Also, I was doing the titration very precisely, but in some of the samples I had difficultly to find concordant titres.  Lastly, most of the results show that the older samples have more ascorbic acid in them than the new ones. I don't understand what's going on and I can't explain the results.  After the first round of inconclusive results we bought new equipment (scales, DCPIP, and used also other samples of ascorbic acid), I have shown my calculations to 4 different teachers to make sure that everything is correct, and each titre was repeated many times. If you could give me any suggestions, I would be extremely thankful 🙏.",Non-physics
0x1e2e,"ok, so if benzil looks yellow when u recrystallize, as well as the crytals\n\nWhat color would dibromobenzene be when u recrystallize it? And what would the color of dibromobenzene crystals be",Non-physics
0xdb6,It absorbs light across a range of frequencies and emits light in a more narrow band of frequencies. That narrow band matches the frequencies that work best with the PMTs.,Physics
0x1c3f,This is a bizarre question but do people without publications ever get accepted to grad school? I don’t think I will have any and am stressing out pretty bad. I work with a research group but things are moving somewhat slowly.,Physics
0x4b9,"Sorry, we do not eat things that make us sick. This is know by any animal. But be mu guest, just force selection. You do not like the argument, ok, you think it can be applied to many other things, ok, but the logic is not incorrect.",Non-physics
0x20ed,"I think you have come across a really important lesson for your life ie that our intuition is often wrong. When your thoughts and the maths disagree, bet on the maths.",Physics
0x2760,Those are umbra and multiple penumbra.  Umbra is the darkest shadow where all direct light is completely obscured.  Penumbra are the regions where one or more but not all of the light sources are blocked.,Physics
0x1ea9,"Yeah, but 300 trillion is the total global carbon, not the excess or the annual excess, so it's not a great number to start from. Global annual total carbon emissions are around 40 billion tons. That's still a whole lot, but it's a much more tractable number.",Physics
0x456,"I mean, I don't feel like digging through my lab manuals for our undergraduate labs, but most of these students have no practical lab experience and still have a pretty easy time. Just a matter of following instructions and understanding each step.\n\nedit: I am an organic TA and have instructed this lab several times",Non-physics
0x8f0,"> How do I look for groups in a specific research area?\n\nOnce you start reading papers about a specific subject, you will naturally start to recognise familiar names and places. Perhaps a good starting point if you're completely unfamiliar with the landscape of a particular subfield is to go to a Wikipedia page for a topic you're interested in, look for the sources they cite and who has recently cited those papers.\n\n> Once I know the groups which appeal to me, should I just look if they have an open PhD position? Or should I look more in general? If so, how would you suggest I look for a PhD?\n\nFrom my experience, most PhD positions in Europe are not advertised openly because there are suitable candidates inside the research group (a big exception to this are larger research centres like Max Planck institutes which have a regular rate of many PhD positions each year). My advice is to a) ask your master thesis advisor (ideally you want to do your thesis on a related subject although that's rarely a deal-breaker) and b) contact professors from research groups you're interested in early on (at least 9 to 6 months before you plan on graduating, because securing funding takes quite long and will not unlikely get you involved in writing a grant application).",Physics
0x1f15,"Both guide both. It's a feedback loop. Theory without experiment is just speculating, but experiment without theory is at least as bad. \n\nThere have been a lot of experiments in history that were perfectly repeatable and gave clear readings but nonetheless have been rejected because -- to advances in theory -- it was discovered the experiment is in some way inadequate, or irrelevant, or not measuring the thing they thought they were measuring.",Physics
0x162,So the main flame is made by burning isopropyl alcohol and it is coloured by the copper sulfate which is dissolved in water. The copper sulfate isn’t used up in the reaction so in essence it is just an isopropyl alcohol fire so check that,Non-physics
0x217d,"Elegance is taking a beating.  GR is elegant, but its non-linearity hampers its utility.  So far, we've had to toss in dark matter, dark energy, and inflation.  Not very elegant.",Physics
0x19c1,"Changing the firsts cells of a embrio could solve that problem? Obviously, the result is quite unpredictable, but the full organism would have all mutated cells?",Non-physics
0x13c1,"There's 4 shadow layers. It's possible that if the bathroom is small enough, there's enough ambient light in the room to reflect off the mirror to create a 4th shadow",Physics
0x208d,Currently working on finding that out. It was a proposal that was brought to me by someone so I'm working on the rest of the details.,Non-physics
0x597,"It if course depends on what industry it is. But from working a lot on catalysis projects i know that toxicity os a big factor as well. \nIf the catalyst is non toxic, there is no need to expensively get rid of every last ppm or even ppb of the catalyst that remained in the product. \n\nIt always comes down to expenses. But don't underestimate purification and post processing costs.",Non-physics
0x8e5,"Original comment was “peanut brittle without the peanuts.” I have never had it, but i would think it would be similar since it has almost the same basic ingredients. Minus the peanuts of course.",Non-physics
0x579,"Research about Muscimol. That is the active ingredient in these bad boys.  I would strongly go against eating them.  It is not that they're that poisonous, you just really need to know what you're doing with them.  Plenty safer, easier to source mushrooms if that's your thing.  Also, depending where you are in the world.  Don't get caught wandering around with these in your hand.  Can get you in a bit of trouble.",Non-physics
0x164b,"Hirsch's objections to BCS are extreme. He attacks basically all superconductivity claims, and not just the specifics of the materials Dias claims to have made.\n\nhttps://arxiv.org/abs/2001.09496\n\nHirsch rejects the BCS explanation of the Meissner effect. It's ridiculous: the guy bolds a bunches of H at the beginning of words and talks about H-index (which he invented, but has nothing to do with superconductivity).",Physics
0x1d71,Why would we? There's no medical practitioners in nature. Best you can do is deal with the immediate symptoms. There's no evolutionary pressure for the body to develop a system that identifies everything that can possibly be infecting you. The body deals with itself. What purpose would telling you that you have a stomach bug serve? You're already throwing up and that's the best response you're going to get in nature.,Non-physics
0x1c1e,I think this is my favorite thread on Reddit. A wonderful bunch of people who have occasionally devoted themselves to the end of life care of bugs. It's easy to get lost in biology and forget that what you really like is living things big and small.,Non-physics
0x1159,"Yeah, why do I for see that slipping into the food chain. First it’s glowing plants then it’s glowing crickets and fish then little Tommy and Susie are born with glowing nipples. Maybe they should just skip the plants and go directly to the nipples",Non-physics
0xe49,"That’s the way to go about it, find a professor involved in research you are interested in, and just ask! If you’re not sure what research they’re involved in, ask! I ended up with all of the research projects just by asking professors what they’re working on and if they needed anyone on their teams.",Physics
0xb5,"OMG. Assume for the sake of argument that Vi = Vf. Then (with the 1/2) you get distance = velocity times time. Without the 1/2, you get the nonsensical distance = 2 \* velocity \* time.",Physics
0x258a,"Oxalic acid does two things when cleaning - it acts as an acid to solubilize certain acid-soluble residue (like some metal oxides, carbonates, or things like soap scum) and then the resulting oxalate will complex the dissolved ions and prevent them from precipitating. This second action is what makes it more effective than acetic acid (vinegar).  \n  \nIt’s hard to say what it’s doing to your paint without knowing what the paint is, but it could easily by solubilizing and complexing paint components and pulling them away from the surface, altering the colour.",Non-physics
0x205a,"The light you see from fire has no mass. Likewise heat is a type of light not visible to the human eye, so it too has no mass.\n\nThe little bits in that fire that are emitting the light have mass, and thus have a gravitational pull.\n\nFire is weird because what we think of as one thing is actually a chemical reaction between many things.\n\n*Item of note: Light or Photons can act as if they have a gravitational pull (see below reply), and that's a whole other thing, but for most general macroscopic purposes you can consider photons as having no mass and no gravitational pull.*  \n\n\n*Edit: Clarified the item of note to better reflect the point made by* u/Seis_K",Physics
0x1093,"To add on that: Sometimes you can only observe that something happens in experiments and not why. Simulations can then help you find out WHY something happens, because have more easy control on internal rope friction or whatever.",Physics
0x1f25,"1) what you describe is simply not possible. 2) ignoring that, the sun's mass will just increase slightly commensurate with the added mass of the earth, which will produce a very slightly stronger gravitational field",Physics
0x177b,"Well, those people write code too, but that's generally not their main focus. It would be very hard to find something where you don't code (almost) at all.",Physics
0x2068,"I disagree. He was harsh and opinionated, but laid all his cards on the table and showed receipts. There’s no more he can do; Nature, NSF, and Dias have the ball in their court. If he’s wrong, all it takes is showing the data. Every day that doesn’t happen makes the CSH results look more shaky.",Physics
0x666,"I think you’re right about them being epiphytes; possibly an air plant. \n\nHowever, by definition, if a symbiotic relationship benefits one individual at the expense of another, then it is a parasitic relationship (parasitism). If it benefits both it is a mutualism. If it is beneficial to one and is innocuous to the other, it’s commensalism.",Non-physics
0x79d,"The OP told me they didn’t need to support their claim of what was “proven” because a simple Google search would do it for me.  I Googled because that’s what OP claimed I needed to do, and I showed the mixed data I got.\n\nAnd second, Malone is *a* scientist who did some of the initial seminal work on mRNA vaccine technology in his early years.  He did not invent the entirety of what we have today - there are a ton of pieces to it building on more than just his work.\n\nYes, he does have that opinion.  Other scientists, and many more of them, have other opinions.  Those opinions involve large-scale research and published clinical trials with this vaccine technology.  Has Malone demonstrated a higher clinical incidence of vaccine adverse effects than anyone else?  Has he shown that hospitals are overflowing with people having negative vaccine reactions and dying from them?  If he’s shown this in a rigorous way as others have done for their claims, as opposed to just stating theories, he should publish it, and he’ll be easily searchable.\n\nWhatever Malone’s position, it’s abundantly clear that, unlike OP stated, Dr. Malone has not “proven” that infection-induced immunity is better than vaccine-induced immunity.  If you have a **peer-reviewed paper published** by Malone in a scientific journal “proving” that, as OP claimed, you are welcome to share it.",Non-physics
0x2466,Second this!\n\nOr maybe a variant of the sun-down reaction but i would guess u/IntelligentUmpire42 is right.\n\nEdit: sun-down reaction - Silver(I)-ions react with thiosulfates to white precipitate that shifts to red and then black,Non-physics
0x1f94,"No, cause you couldn’t reasonably claim non bias when collecting the data. You’d also have to get special permission from the government for experimentation with a controlled substance. So no. Science isn’t an excuse to do illegal shit.",Non-physics
0x1b59,because it doesn't appear to travel 10 light seconds in 10 seconds.\n\nit appears to have traveled half the distance when you first see it and travel the remainder after you first see it,Physics
0xc88,"When you're farther from the tv, it looks smaller, because the light is focused on a smaller area on your retina.\n\nIf you're still confused, look up ""solid angle"".",Physics
0x2549,"Thanks! So if understand correctly, the organism has a ""reserve"" of stem cells which can multiply indefinitely without Hayflick limit. The rest of the cells in our body has a limited number of divisions possible starting from the moment they differentiate from the stem cell. New generations will be constantly renewed from the stem cell ""reserve"". Is my understanding correct?",Non-physics
0x20a9,"You shouldn't be asking this here but since I can't see what you're answer is I'm just gonna say that make sure you're understanding that the car is gonna hit the ground after a specific t that is determined by how fast it'll fall in the y direction, so you have an equation h=vi*t+1/2*a*t^2 and you can rearrange that because vi is zero and you have the h and the a tiny fish the t. You then use that t and figure out the distance in the x direction it travels in that time where x=vi*t+1/2*a*t^2 where a is gonna be F/m and vi=20",Physics
0x7cc,"I couldn't speak or walk.. so I couldn't e,plain what was wrong either.. tbey put me on the MRI, the CAT, they gave me a spinal tap to test for meningitis.. it made my whole family sad and mad at me..",Non-physics
0x145a,I'm more interested in research/lab than environmental or animal and the only major things I've seen are the issues regarding solely undergrad or masters and PhD job opportunities- there seems to be a bottleneck that I've seen. \n\nMy professor hated my proposal so I'm back to the drawing board- still googling. But thank you.,Non-physics
0x2663,"Mythbusters did an episode on this. Windows bow in and out with pressure changes. If you aim a laser off center, the reflected beam with change angles as the amount of bow changes. That's pretty easy to change to an amplitude modulation since beam profiles are largely guassian. This method requires a pretty precise setup and doesn't have unlimited range. One of the biggest limitations is that the source beam and detector need to be in separate locations. Any significant building pressure changea or wind destroys the setup, so it's not like laser listening devices can be deployed covertly for long term surveillance.",Physics
0x2817,"You can by 10% neutral buffered formalin on Amazon. If you go this route, be sure to read the SDS which provides you safety precautions, storage instructions, disposal concerns. Compounds like this cannot be just dumped down the drain. \n\nTypically after 24 hours in NBF, samples are transferred to a “wash solutions” which is usually PBS. You’re not going to have that offhand, but given that this is way more for a keep-sake than any meaningful molecular work homemade saline works fine. \n\nAn important note, you don’t want to use typical preservatives as they often pose incredibly high risks to the users. An example being sodium azide, which is commonly used for fixed tissue prep. \n\nYou can pretty readily find preservatives available for home-made cosmetics. In most cases, those preservatives are likely sufficient, and I’d use them at a similar (or **slightly** higher) loading. It can also be stored in alcohol (isopropanol or ethanol both work) as noted by a different commenter. \n\nYou’re at an advantage, because you’re not collecting data from these tissues, you can use techniques that are “harsher” on the tissue while maintaining its structure because all you care about here is the anatomy. This means that techniques that alter histological data and biochemical data while maintaining morphology actually will work for you, because you don’t care about the former two. \n\nAn unconventional and incredibly inconvenient solution, solutions of glycerin that are at least 70% glycerin are actually preservatives\n\nPSA: these organs weren’t perfused, so fixed and clotted blood is gonna kinda riddle the tissue. I’m not entirely sure the aesthetics of it, but it will make it much harder to visualize the finer details of the structure. \n\nIf you’re storing the organs in a liquids remember to rinse it prior to any handling, and only handle with the appropriate gloves (best bet nitrile)",Non-physics
0x1f8a,So is a black hole a time capsule then? And can is slow to the degree that it reverses? And if so is it possible that black holes are a window to the bing bang or pre Big Bang?,Physics
0x1f43,Thank you all so much for your input! \n\nI can definitely move forward knowing these factors :) really helped me understand what customers are looking for in catalysts,Non-physics
0x1162,"Haha, we get along well. Unlike many other fields (law, business, etc.) when one of us wins, we all win. We all want to know how stuff works. Sure we compete for grants, and there are a few jerks, but we genuinely support achievements in neighboring fields.\n\nIn fact there is a slightly adversarial nature built into the way we do research which makes it even better. If I put out a result and you find a flaw in it, it makes you look good and me look sloppy, so I try extra hard to triple, quadruple check all my calculations. To think of every possible way I could be wrong and check it or at least explain it.",Physics
0x8c,"Most regulars in this sub have completed their undergrad, and often their grad as well. Don't compare yourself to them, or anyone for that matter. You never know what's going on under the hood, and your success doesn't need to measure up to what they project. \n\nSome universities like to cull the group in the first couple of years, especially institutions outside the US. They'll accept a larger number of people under the assumption that a good 20-30% won't make it past their 2nd year. My average (and my class' average) went up a good 15% between 2nd and 3rd year. We didn't get smarter, they just stopped trying to make us quit.",Non-physics
0x1f6b,"You already received some great answers. If you want to deepen for knowledge of protein folding, consider trying ""Foldit"", it's free and a link is here: https://fold.it/",Non-physics
0x127a,So when does it end? Even pandemics come to an end naturally and more of the worlds population was ASYMPTOTIC…HELLO! The virus has already burned through society so leave your friend alone. He is healthy and the Vacs should only be for the population that is concerned.,Non-physics
0x1ede,"So hard to tell, close. When they are young, they usually have fat stems and rounded caps. When they grow, the stems lengthen to a few inches and the caps spread, whiter ring around cap. Large gills.\n\nIn the wild you don't get the really good print because they've already dropped a lot of spores. \n\nThe big issue is Galerina autumnalis  looks sooooo much like it. Unless you have an expert from the area or a mycologist it's probably not worth taking a chance.",Non-physics
0x75a,"this looks like this titration I made in chemistry school, where the teachers said I have to titrate on ""nature orange-juice orange"" (they told us via the ""Kappy"" brand which is a well known orange juice in austria) which was the equivalencepoint where silver chromate starts precipitating out instead of silverchloride",Non-physics
0x1648,"yeah and all i have to do is take like 2 or 3 more semesters of math than i already have to. i’ve always been good at math, so it seemed like a pretty easy decision",Non-physics
0x1861,"I avoid burning things in the lab, too great of a fire hazard. These youtube channels are great for seeing things you shouldn’t be doing inside a lab. \nI recommend ChemicalForce also, GREAT channel",Non-physics
0x2804,"Looks like some kind of clevenger apparatus, it's not made for distillations but you can probably do a non precise distillation with it if that's all you have",Non-physics
0x1544,"No no, that's the wrong way to think about it. The ONLY things that affect the force of gravity are the masses of the two objects (the earth and the hydrogen molecule being considered) and the distance between them. The various atmospheric gasses don't have any direct impact on the weight of a hydrogen molecule. Its weight is equal to its mass times the gravitational constant for earth (it's not really constant of course, but the separation of the object and the earth's centre of mass is negligible)",Physics
0x12f1,"There are two main components of drag for vessels on a liquid: wave drag and viscous drag; viscous drag is the drag one would think of in aerodynamics, the act of the trying to push through the viscosity of a fluid. Wave drag is the force felt by “riding the waves” of the liquid, the force that allows surfers to surf along with a wave. Ducks minimize viscous drag by having hydrophobic feathers and ducklings can naturally be propelled towards their mother by “riding” the wake of her motion on top of the water. In still water total drag would be in the opposite direction of motion but the mother is supplying a wake which allows the ducklings to get in a formation where each are “riding” the wave and passing it back to their siblings to ride too, propelling them all forward, this would be an example of “negative” total drag aka >100% drag reduction.",Physics
0x1e50,"That sounds really cool. Just had a little look at the GRETINA detector and it looks like some serious piece of equipment.  My supervisor did say that he was planning on creating the program and allowing me to play around with it (changing parameters and such) to get results for my project, which I think takes away half the fun. I chose this project because I'm interested in coding and learning more C++.",Physics
0x1cae,"Plenty of healthy 30 year olds have been killed because they thought they could just recover if they got sick. With the delta variant, it's not a low chance anymore. If we could take videos and pictures of all the dead bodies still hooked up to a bunch of lines and tubes in the ICU and their families wailing, screaming, and mourning maybe people would get it.",Non-physics
0x2418,"I really would love that people, who ask for help, indicate what they have tried and show their current understanding. Otherwise, I am suspicious this is just a way to get homework done by someone else, instead of it being a useful experience.",Non-physics
0x6a3,"There hasn't been a reported death from amanita muscaria in over 100 years. You can remove all the psychoactive chemicals by boiling it in several changes of water which will make it edible, this process has been used by many indigenous tribes and I believe was also done by people in Russia. My friend likes to make a mead with the water of boiled amanita muscaria which he calls dwarves wine. I find it produces a much different effect than any other ""magic mushroom"" as the psychoactive chemicals are different. Less ""trippy"" and more ""stoney"" if that makes any sense. I still would exercise caution when consuming it and start with a small dose. I'm sure you can find a good guide to prepare on the internet, maybe try shroomery.org",Non-physics
0x30a,"This reminds me of a homework assignment in my grad level mechanics class. We had to derive the shape of a uniform massed string hanging from one end and rotated. After about three hours of calculation we finally got it into a named trig identity no one had ever encountered before. Plugged it into Matlab and kinda just squinted at it thinking ""is this right?"" when one of my peers took off her necklace, held it from one end, and started spinning it.\n\nIt looked exactly like the graph.\n\nThere are only ever a few moments in a physics degree when you get to really connect the math to reality. This was one of them, and I will always cherish it.",Physics
0x2379,"If my understanding is correct, the protons are accelerated by giant magnets, Would this much magnetic field generated have an impact on the earth magnetic field ? Would the ongoing experiment be detectable from a nearby location ? If so, using what hardware ? I'd be glad to know if anyone has any idea, honest question here !",Physics
0x1426,Have not watched the video yet but there's way too many misconceptions about the delayed choice quantum eraser in pop-sci. This stuff is brought up on this subreddit way too often for retrocausality.\nI hope Sabine managed a good explanation for laypeople.,Physics
0x2465,I remember doing a review for Ideonella Saikainesis? Its the bacteria that was discovered in Japan that can use PHET plastics as a sole carbon source for metabolism but it does the process very long so its not feasible to just use them for breaking down those types of plastics. Could be about that since ocean plastics are big on the news.\n\nAnother is antibiotic resistance in microbes that can affect us plus agriculture. Lots of stuff,Non-physics
0x72b,"> The problem with college textbooks and videos is that they are quite time intensive, I would like something that just explains concepts and formula, making it simple and intuitive through the use of analogy. This way I can just spend not so long on absorbing new contents and spend more time about thinking how to use these formula to solve real life problem.\n\nLearning and understanding concepts takes time and effort, and part of that effort requires you to actively engage with the content by reading and practising by doing problems/exercises.\n\nHaving a resource explain the concepts to you can often give a false sense of understanding if you're expecting yourself to learn by just reading/hearing and not doing problems/exercises which are a good way of testing whether you really understood concepts and know how to apply them correctly.\n\nSince you have read from textbooks, I would suggest you continue to do so. Trying to take shortcuts will inevitably cut short your understanding.",Physics
0x226,">Once you start reading papers about a specific subject, you will naturally start to recognise familiar names and places. \n\nI'll start reading more articles then, until now it was mostly out of my own curiosity since only a few times my professors required me to read a paper.\n\n> a) ask your master thesis advisor (ideally you want to do your thesis on a related subject although that's rarely a deal-breaker) and b) contact professors from research groups you're interested in early on (at least 9 to 6 months before you plan on graduating\n\nI was planning on asking my thesis advisor. I'm guessing the request for research groups will go hand in hand for the request for the thesis, since I'm planning to graduate 6 to 9 months after that.\n\nThanks a lot for the advice! Will definitely keep it in mind.",Physics
0xb81,"We’ll yes and no, a compound generally has to be polar to dissolve in a polar solvent like water because their dipoles will interact.\n\nBut asking why calcium chloride is soluble but the oxide is not is more complex as they are both ionic compounds so both are indeed polar. In the end it’s comes down to if the entropy of dissolution is positive or not, simply it has to be positive overall for it to dissolve. But the overall entropy is determined by factors such as the crystal lattice energy, the sphere of hydration and the disorder (entropy) of the solvated ions. so not the easiest calculations but it can be done.\n\nIn short the entropy change for the dissolution of calcium chloride would be positive do too the factors I mentioned but the entropy change for the dissolution calcium oxide would be negative and not allowed by the second law of thermodynamics so it stays in its crystalline form.",Non-physics
0x1b26,"The COVID mRNA vaccine actually doesn’t make antibodies - it actually makes a tiny piece of the COVID virus.  Your immune system sees it and goes, “That’s a bad thing - let’s make antibodies to kill it!”\n\nIf the mRNA made a normal human protein, that means it’s something your body is *already* making.  Which means your immune system would see the mRNA-produced protein and go, “Oh, that’s a totally normal, safe thing.  I see that every day.  No need to kill it, obviously!”",Non-physics
0x14b9,"I can’t speak specifically for lead, but it’s fairly well documented that some crops bioaccumulate certain metals. For example leafy greens tend to take up [cadmium](https://pubs.rsc.org/en/content/articlelanding/2017/fo/c6fo01580h/unauth) from the soil and [arsenic](https://www.fda.gov/food/metals-and-your-food/what-you-can-do-limit-exposure-arsenic) is an ongoing concern with rice.",Non-physics
0xc41,"I saw this before, but it's worth saying that this is an amazing video and effort. \n\nFresnel diffraction isn't talked about a lot, which is a shame, so this is a great demonstration of that.",Physics
0x11a,"If you can't show and explain your data, you lose all credibility.  We can't expect society to believe in science and make changes based on scientific evidence if our response to their demands for proof is ""that's too hard, just trust me bro""",Physics
0x1b44,"Why don’t you go hit the bong Smokey it might actually improve your personality. And I’ll have you know that sandwich tasted really good and you should try it sometime, given your proclivities you probably get the munchies quite often you’ll probably like it. I just wanted to know how something that starts life the size of a grain of rice grows to be a half ton in under two years. That is an astonishing growth rate. I was just curious about how it all happened and you had to come in all r/iamverysmart and this is why no one likes you even your mother she HAS to love you(but let me key you in on a little secret here if she wasn’t your mother she wouldn’t even like you) you know those thoughts in the back of your head that make you feel doubts about you and your shortcomings, all those little insecurities gnawing at your cerebral cortex keeping you up at night in your case they’re right.",Non-physics
0x25fa,"Thank you kindly, 60 years ago, when I became a vegetarian there were few books or guidance. In ag school, though not official text, Uell Gibbons and his “Stocking the wild asparagus” was one of my favorites. I quickly learned that the pyramid of protein standards were developed by the Cow & Beef industry (for obvious reasons). I still cook and supplement diet with occasional eggs and cheese. My question is therefore, what’s changed within the past few years? Especially on understanding “The Chart” of a healthy diets. Or pesticide residue poisoning fruits, seeds and nuts and interrupting the process at nucleic acid sequencing? I’m a 3 time cancer survivor, ready for the 4th. Sorry, I know it’s a lot to unpack. Speaking for myself, if you’re willing to share, I’ll listen.",Non-physics
0x4fc,"I don't know much about them, but what I meant by wasted is I'm pretty sure the thermal conductivity would go as followed: N-15 doped uranium nitride > uranium nitride > uranium dioxide. Nitrogen-15 has one of the lowest thermal neutron capture cross sections of all stable isotopes. Therefore, less energy input would be used in maintaining the neutron flux in comparison to UO2 based fuel rods. \n\nInstead of neutrons being captured by only U-238, U-235 and / or Pu-239 to trigger nuclear fission they're also being captured by oxygen-16 or nitrogen-14 and creating carbon-14 as a byproduct. Using nitrogen-15 doped uranium nitride would be more energy efficient. \n\nI mean at least to my understanding, it's a bit too much information for me to take in all at once in order to fill in the gaps of my knowledge of how nuclear reactors work in a couple hours.",Non-physics
0x1c9a,If you call a 630 pg textbook “pop sci”. Perhaps you should try reading a textbook so you don’t have to give pathetic counter arguments like the one you just gave.,Physics
0x19c7,"I’m not sure what any of this has to do with free will. I agree with the other question-what is your definition of free will? If I’m on a diet and see something incredibly delectable but fattening, i might use my free will to overcome that desire. If i see someone being treated unkindly but it is not in my best interest to intervene, i still might use my free will to step in even though it gives me no gain. I actually am suffering from a depressive episode at the moment and though it takes immense effort i got out of bed, made my bed, and washed my face even though my brain told me not to.",Physics
0x142a,"At the very least, they would have to talk about the various forms of line broadening, and present any of the numerous other counter arguments. \n\nFurther, most of our best CMB measurements have been taken by satellite observatories, so this junk about the ocean is really quite pathetic. (Oh we’d love to be able to duplicate our results, but the only equipment that can is a derelict telescope you’ll have to donate to reopen again!) \n\nFinally, while the romantic idea that “actually, we’ve got it all wrong! We were just waiting for the right genius to come along to blow our understanding out the window!” may be appealing for nostalgic purposes, the amount of successful predictive theory we’d have to throw in the garbage means there has got to be a damn good reason to do so, and there really isn’t. The Sun’s spectrum is very well explained with current theory, and there’s just no discrepancy that needs fixing.",Physics
0xa05,"No, it actually isn't correct for a 15% w/w solution of HCl.  The calculated pH would be correct for a 15% w/v solution.  15 % HCl w/w has a density of about 1.072 g/mL, so a 15% w/w HCl is actually going to have about 161 g HCl per Liter, not 150 g/L.  Not a huge difference, I know, but...a difference nonetheless.",Non-physics
0xa0c,"The wording is alright. Your C1 is 100%. C2 is 0, 10, 25, 75%. Your V2 is 10mL. Calculate V1. Volume of water = 10 - V1.  \n  \nLater in lab you'll encounter words like ""working solution"" / ""working concentration"" / ""final concentration"" / ""working dilution"" / ""final dilution"" and other confusing jargons. It's .. basically c2.",Non-physics
0x65c,"Stopping potential is ultimately the point where the energy of released electrons is not sufficient to overcome the difference in voltage. Since energy is independent of intensity, a change in intensity will not change the stopping potential.\n\nHowever, the intensity will change the rate at which electrons are released, meaning that the potential difference between plates will increase proportionally. By extension, the time taken to reach the stopping potential decreases.\n\ntl;dr - yes",Physics
0x1a09,"Doesn't that just mean that whatever causes the variance has a larger effect on neutron decay than models predict? Obviously neutrons won't decay at exactly the same rate in all conditions, right? Doesn't this indicate that a good area to probe would be whatever external influence was cut out that allowed the estimate to be 2 times more precise than before?",Physics
0x170c,"Good luck with your homework. Don't be lazy, this is a really easy question to answer in about 15 minutes. If you can't find the answer in relatively short time I'm guessing you haven't been studying for a while and have been getting answers from other people instead of doing the work.",Non-physics
0x822,">**and one masturbates, does that mean it's also jacking its twin off in the process?**\n\nThis line of scientific research definitely deserves more long-term funding.\n\nScience should leave no such stone unturned.\n\nFinding answers to these pressing questions is merely a matter of time, Dr. Shonk.",Non-physics
0x1c41,"Okay thanks, this clears some of my questions up.  Which leads me to one last question:  Would radiation (CET/PET etc) prevent lipid nanoparticles from diffusing across the plasma membrane?",Non-physics
0x1672,"Depends on how much you actually breathed in, but I recommend, as you're still coughing, that you go see a doctor just to be safe. Potential lung damage is nothing to mess around with.",Non-physics
0xdae,"It depends on the type of edit but certain ones will leave a signature that could be found if you knew what to look for while others would be nearly impossible to identify. Certain correction mutations would leave almost no trace such as correcting a single misspelling that causes a disease. Standard sequencing wouldn't be able to catch that. \n\nHowever more complex edits can be more easily seen. For example if someone were using CRISPR-Cas to express a novel gene product in human it would. There the fact that the new gene is where it shouldn't be that can tell you. Additionally it would be surrounded by genetic neighbors that would help turn it on. Some of the popular helping neighbor genetic element(promoters, enhancers, ext)) don't come from humans. For example one of the most popular promoters is a viral one, not a human one. So you could search the person's genome for constructs commonly used by biologists. This is one of the ways that researchers were able to determine that COVID19 wasn't a lab accident.",Non-physics
0x184d,I cant find any with the butt discoloration but yours is the best guess so far from what images I can find. Looks mostly like a worker termite.,Non-physics
0xebf,"I'm currently in my second year of MSc in Europe and I'm looking to start a PhD at the end of 2022/beginning of 2023. I have a few questions.\n\n\nHow do I look for groups in a specific research area? Or even how do I know the common research area topics? I'd like to study topological materials, i.e. electronic structure, transport properties, when does topological order emerge, what are the best models to describe these, etc...\n\nBut I can never find the keywords and the right search engine to go through the most cited authors in Europe. I've tried Google Scholar and just going through arrive, but there's always a sea of information which I can't get through.\n\nCan you suggest a search engine and keywords which are suitable to my case?\n\n\n\nOnce I know the groups which appeal to me, should I just look if they have an open PhD position? Or should I look more in general? If so, how would you suggest I look for a PhD?\n\n\n\nHow early should I apply? I've seen that there are already open positions for beginning of 2023, but I feel like without my thesis my curriculum is not that great to look at. My university didn't offer internships and I've just done a basic undergraduate thesis. Right now I'm an Erasmus student for a semester. And I'm not that confident to give positive expected results when applying.\n\n\n\nWould I get better answers in subreddits specific to PhDs, Grad School and Academia?\n\nI know these are a lot of complicated questions, so if you can answer even part of one of them it would be a great help. Thanks.",Physics
0x697,Man I remember a few years ago when a college professor once mentioned that when could see time dilation just by lifting an atomic clock 10cm. A millimeter just seems insane,Physics
0x1973,>  This is just an extrapolation of that though\n\nAlright. But it is only a vague idea or intuition until you do the actual mathematics. So do the math and get your Nobel prize.,Physics
0x24a0,I think C. Since flexibility is perfect (no resistance) the only thing effecting the shape (other than the motion of the helicopter) is air resistance. Since the blades push air down the fastest air will collide with the rope high up(more influence towards straight down) and less at the bottom.,Physics
0xb48,"According to https://nj.gov/health/eoh/rtkweb/documents/fs/0532.pdf :\n\n**Acute Health Effects** \n\n* Breathing Copper Chloride can irritate the nose, throat and lungs causing coughing and wheezing\n\n**Long-Term Effects**\n\n* Repeated  exposure  can  cause  thickening  of  the  skin  and may cause a greenish color to the skin and hair. \n* Repeated  exposure  can  cause  shrinking  of  the  inner  lining  of  the  nose  and  may  cause  ulcers  and  a  hole  in  the  “bone”  dividing the inner nose. \n* Copper Chloride may damage the liver and kidneys.\n\nSo yeah it's safe-ish",Non-physics
0x14c9,"Idk what you mean by that exactly. Drugs are distributed differently in plasma and tissues depending on how lipophilic they are (as well as some other properties).\n\nWhen drugs from the plasma are metabolized, more drug generally leaves the tissues and enter into the plasma to maintain the concentration equilibrium.",Non-physics
0x164,"Question 1: its discovery would change nothing, any ancient organism can theoretically survive in some form without violating any aspect of evolutionary theory. The characteristics revealed by researching it could potentially change a lot but the hypothetical you've presented makes it impossible to say how.\n\nQuestion 2: everything? Every aspect of its micro and macro morphology, genetics, cellular structure and processes, etc. What *wouldn't* you want to study? I think the biggest questions to answer would be (1) where does molecular phylogenetics say this organism sit in the tree of life? and (2) how much of its genetics, if any, were passed on to Cambrian and contemporary organisms?",Non-physics
0x1f90,My post was addressing the absolutist tone to the prior comment. Males come on a spectrum and some can develop a deeper voice due to increased T at various stages in their life and depending on underlying conditions such as deficiencies in testosterone or androgen insensitivity. \n\nI'm not trying to suggest giving large dose testosterone is a good or ethical treatment to lower someones voice. Or that voices rise in pitch with declining levels.,Non-physics
0x22a7,"The US could have had the first collider but Congress pulled the funding AFTER it had been approved. The geniuses at CERN decided to build their own even after it looked like the US was going to do it, because they didn't trust that the project would be completed. Thanks to Congress, here we are FIFTY YEARS after the project was first started, celebrating the news that we MIGHT get there in another 15 years. SMDFH https://en.wikipedia.org/wiki/Superconducting_Super_Collider",Physics
0xd05,"To clarify!\n\nThe distinction is nothing more than needless semantic pedantry and the people downvoting anon7689 need to get a life.\n\nIt basically comes down to whether you look at this in an inertial or rotating reference frame. So called ""fictitious forces"" like centrifugal appear to compensate for choosing non-inertial reference frames. They're often super useful for problem solving. Despite the name, if you're in a non-inertial reference frame they are for all practical purposes just as real as any other force. As long as you understand how to translate between the two, a non-inertial reference frame is every bit as valid.",Physics
0x23,"Hey I have an unrelated question. Since you're some sort of wax expert, how may I cast paraffin wax without it contracting? I really need to do this.",Non-physics
0xc4d,"It may depend on exactly what “sterile neutrino” hypothesis you’re talking about, but I believe in the context of neutrino oscillations, adding a heavy mass state to induce changing flavors also necessitates the addition of a new flavor state. \n\nAll of the “active” neutrino states are left-chiral. If we see a regular (not-anti) neutrino that is right chiral, it’s not likely that it’s just a different state of the electron/muon/tau neutrino - it’s likely to be something entirely new, corresponding to the higher mass state.\n\n(I’ll also say I do astrophysics, not purely particle physics, so someone can definitely add to anything I’ve put here)",Physics
0x1fcc,"I do particle physics theory. I am in the US, but I have a bunch of collaborators at Durham. Oxford would also be a good university to study particle physics at.",Physics
0x14f2,This was already posted here a few days ago but unfortunately got removed by the mods.\n\nI think it's a good video and important considering all the bullshit surrounding the delayed choice quantum eraser experiment in pop-sci reporting.,Physics
0x12cb,"Unlike many videos on the subject, that often just talk about it, this one actually shows the experiment and the equipment, goes deeper into the experiment and discusses it in detail. It's the best video I have ever seen on the double slit experiment.",Physics
0x250f,"Actually, you can just put a nesting box on your balcony if you got one. I also have one, with babybirds two times a year. \nYou have to clean the nesting box before and after winter.\nAlso, don't lose it, at some point your balcony is swarmed by juvenile birds when they leave their nest. Just don't use your balcony for two or so days and voilà: thanks to you there are a few more birds in the neighbourhood.",Non-physics
0x103a,">So what happens to it if we continue moving the screen back beyond the target focal length..?\n\nThe image starts to distort. However, the lens shown in the setup isn't required at all, I just used it here to fit the animation in the simulation plane. If you don't use a lens the image is formed at infinite.\n\nBut generally, the far-field condition `a^2 / (L \ λ ) >> 1` is enough to get a high-resolution image, where:\n\n* a is the characteristic size of the hologram\n* L is the distance of the screen from the hologram\n* λ  is the incident wavelength.\n\nIf that is the condition, the image just gets bigger as you increase the screen distance.\n\n[I made an entire video explaining and visualizing](https://rafael-fuente.github.io/simulating-light-diffraction-with-lenses-visualizing-fourier-optics.html) in detail what you asked  🙂",Physics
0xe8e,"> high school student here\n\n> heavy interest\n\n> a raging curiosity\n\nAh, don't worry, I was like that as a teenager too! If you want a gentle, nearly math-free introduction to particle physics, you can try [these notes](http://www.damtp.cam.ac.uk/user/tong/particle.html). They basically cover all the context you need for this document.",Physics
0x8d2,"I'm not educated, but even I know the memes. That is a filthy word around these parts and you should feel bad for using it.\n\nSomething something ""Centrifugal force"" is not a force. It's a slang word for two affects from centripetal. \n\nAgain I'm not smart enough. Just trying to point you in the right direction why you're being downvoted.\n\nI also hope someone else can get in here and clarify.",Physics
0x21db,">the 4 dimensional divergence of an anti-symmetric second rank tensor equals zero\n\nThis may be the more general and broadly accurate way of stating this equation, but I and most people I know would just say ""div B equals zero""",Physics
0x2593,"Well based on experience, the bike never tilts to the left (literally never so long as the bicycle is moving forwards, it literally feels like a constant pull on my bike towards the right into the ground) so that’s counterintuitive about the weight. Thus, I cannot lean to the right because the bike is already tilting right the moment i lift my hands off. Ive been cycling long enuf without hands to be able to feel the bike tilting and i have to lean left if the weight was on the left. I know its weird but it is the actual observation so there must be someway to explain it. And just fyi the weight was probably around 500grams, it was a food takeaway box, and it wouldn’t shift my center of gravity by much at all wouldn’t it? Considering me + bike weighs about 80kilos\n\nAnd you are right that, i’d ultimately fall to my right in my example except I am actively counterbalancing by slanting my upper body and arms to the left",Physics
0xb2b,"Yeah, maybe I'm misinterpreting that comment but I'm not some sort of transphobe if that's what they were suggesting?\n\nI wasn't really taking anything to do with hormone therapy, replacement, transitioning etc. into account so thanks for going into detail as that was quite interesting to read alongside the paper that they linked.\n\nIt has jogged my memory though, there was some quack or something who used to administer testosterone supplements to himself because he thought they would keep him youthful and ""manly"". \n\nCan't remember his name but wonder how that turned out. May need to go have a search now haha",Non-physics
0x2288,No they are not. Pyranose is a collective term for saccharides that possess a THP structure. THP itself is not a saccharide. Saccharides generally follow an empirical formula and have an aldehyde/hemiacetal (depending on form). They also possess several chiral centers,Non-physics
0xc55,"Yes, you are measuring things.  Two differing reference frames, time, and The speed of the bullet in those reference frames, For starters.\n\nHow they get ""synced together"" (not a good phrase, but I'm going with it) isn't by doubling the speed of the bullet.  It is by using a Lorentz Transformation.  When the above posters talk about blue shifted light coming from the bullet this is related.  Due to the nature space-time warping at relativistic speeds the energies involved become a hindrance thus creating a cost for objects of mass in typical space-time system where they can't reach c.  As it creates an asymptotic energy cost to reach c.  Leaving us with a situation where it would look to the observer always less than c.  \n\nSo the observer would see, as you correctly said, the bullet travel from the gun to them in 10 seconds.  \n\nBut\n\nThe bullet would take a different time, differing reference frames and all that.  \n\nSo how do we rectify the two?  Which is where I think your question lies.  \n\nEvery time step (1 sec) light or some bit of information leaves the bullet AT the speed of light and reaches the observer.  It will always reach them first.  So, for the entire trip light is signaling the arrival of the bullet before the bullet in the bullets reference frame to the observer in the observers reference frame.  And since the bullet only goes 0.5c (and none faster) those bits of photons going c tell us the bullet never went c, regardless of how we experienced it.  \n\nLuckily we have blue shift and other measurements to tell us this rather accurately.  Because if we see, hear, feel, the bullet we have measured it.",Physics
0x23a4,"I recommend going to indeed and seeing what jobs are in your area. Search for chemistry, chemist, research, lab, biochemistry. See what's available. Then find a job you could see yourself doing, and tailor your choices to that job. It should have a section on degree requirements that would answer your question. \n\nThat specific job probably won't be there in 4 years, but industries tend to be local, so something like it probably will.",Non-physics
0xb6e,"When you clean this gunk off, -> Absolutely, do not use vinegar and bleach together,EVER!  A single deep breath can destroy your lungs and can kill you! And that can destroy the gaskets and chrome. I prefer trisodium phosphate and rinse and sometimes caustic-soda with another rinse for tackling porcelain problem. I’m guessing but the rubber flapper should be removed and replaced. Be Careful! ALWAYS USE SAFETY GLASSES, A MASK, GLOVES and KEEP YOUR FINGERS AWAY FROM YOUR FACE! It’s not worth losing a lung or an eye or two over cleaning toilet! Please, READ THE LABELS and please, be careful when using chemicals, picked up at local grocery store.",Non-physics
0x4f8,"Science is progressed through radical thoughts. Maybe you can't, but I think it's interesting to consider. Quantum effects can manifest on a macro scale. See: the double slit experiment.",Physics
0x1ec8,"Moving planes produces wind in many different ways, the question is: are aerodynamic forces one of these ways? if yes which force is responsible of it?",Physics
0x1637,Did the same thing with a monarch. It was on the ground and I picked it up and put it on a flower. It wasn't able to do much but I watched it for a bit then left. It felt like that was the right thing to do. Hopefully it appreciated that more than being on the ground.,Non-physics
0x23bc,Oh did OP say that? Fair enough. \n\nMammals don’t have the same molting stages that insects do. They’re weird. So I just wanted to mention it as a possibility.,Non-physics
0x1191,Do you like to build things for others and get satisfaction when people use your elegantly designed work?\n\nor do you like discovering new things just for the sheer joy of discovery?,Physics
0x2524,"They are two different things. Purity refers to the absence of other stuff, while concentration refers to the amount of compound X in Y of solute, regardless if other compounds",Non-physics
0x1dd8,Pepper spray is usually made of a mixture of ethanol and capsaicin. Capsaicin isn’t really flammable but ethanol is. So it is slightly flammable but isnt really a fire hazard since there’s not much at all in it and it’s a small container. Putting it near electronics still won’t do anything. Unless you are actively trying to burn it it’s really nothing to worry about,Non-physics
0x12b9,"They're a placeholder in the sense that we can prove with reasonable certainty that they are *there* we just don't know anything more about them.\n\nDark energy might drop out of some law somewhere as the energy of vacuum or something but dark matter does seem to be something that physically exists, and it would be weird if all it did was just 'exist'.",Physics
0x1ec5,"Her coin example could be improved if she said she threw a bunch of dimes and quarters randomly at the floor, then when she removes only the quarters, an interference pattern appears.",Physics
0xf8b,I found a bunch of these today in Oregon. Wasn’t sure and don’t know what I’m doing but thought I’d do some research. Crazy to see this post on my feed,Non-physics
0x126c,"The molecules in a liquid are always moving because they have energy. In this example, the membrane is water permeable so water molecules will move from one side to the other just as they are moving on either side of the membrane. But the net movement is zero because the same amount of water is moving across the membrane in each direction. If one side of the membrane had dissolved solutes that could not pass through the membrane, then the water would move to try and equalize the concentration.",Non-physics
0xbc6,Thank you for your response. I found people that says “include all in your CV” and people that says “only the jobs related to chemistry” and I was not sure what to do. And for example if I was working on chemical sales would you include it for a research position? Thank you so much.,Non-physics
0x153f,"Not at all dude. I just think misinformation is rampant and I was in your shoes at one point. Then had the realization that if it affects or could affect the rich, like bill gates making mosquitoes to cull the worlds population, it isn’t true. \n\nBut hey if you ever wanna message me just to bounce a thought off, by all means please do.",Non-physics
0xc7f,"> Babaev says that key among the observations made is that fermionic quadruple condensates spontaneously break time-reversal symmetry. In physics time-reversal symmetry is a mathematical operation of replacing the expression for time with its negative in formulas or equations so that they describe an event in which time runs backward or all the motions are reversed.\n\nI'm sorry, what!?",Physics
0x16db,"What they are critiquing as theories are not actually theories. So no, it’s not just semantics. They don’t understand what a theory is if they can mistake a hypothesis for a theory. Gravity is a theory. Relativity is a theory. What’s being discussed in the OP is not theory. It’s a publication that posits a new untested hypothesis that explains the data.",Physics
0x17d,"This is a new proposal, fresh on the arXiv today, from a group of U.S. particle physicists. The introduction is very readable and lays out the mission clearly:\n\n> We can now confidently claim that the “Standard Model” of particle physics (SM) is established. At the same time, we are more and more strongly persuaded that this SM is incomplete. [...] It is now common to describe the SM as an “effective” theory that should be derived from some more fundamental theory at higher energies. But we have almost no evidence on the properties of that theory.\n\n> Our successes have become a liability in reaching this goal. Scientists from other fields now have the impression that particle physics is a finished subject. They question our motivations to go on to explore still higher energies. The scale of an energy frontier collider is also challenging to the young people in our field. They need to see qualitatively new capabilities realized during their active scientific careers. [...] That is where the urgency lies.\n\n> [T]he entire C3 program could be sited in the United States. With the cancellation of the Superconducting Super Collider and the end of Tevatron operations the US has largely abandoned construction of domestic accelerators at the energy frontier. C3 offers the opportunity to realize an affordable energy frontier facility in the US. This may be crucial to realize a Higgs factory in the near term, and it will also position the US to lead the drive to the next, higher energy stage of exploration.\n\nThe main innovation is that they propose to use _non_-superconducting cavities, which allow much higher accelerating fields, cooled to increase their quality factor. The resulting shorter length dramatically decreases the cost, to an estimated $4 billion, which is 80% to 90% less than other proposals. Of course, $4 billion is no small amount of money, but for perspective that's about equal to the monthly budget of the National Institutes of Health, a third of the cost of the James Webb Space Telescope, or 2% of the total cost of the space shuttle.",Physics
0x1f34,Alright I don't remember what it's called but it when an object has three forces acting on it pulling in three different directions. He is struggling with exactly what direction.\n\nI tried helping but I didn't see this when I went through that class.,Physics
0x1565,"I've asked in r/AskPhysics but haven't got a 'compelling' answer yet:\n\nIf in a sealed chamber with a gas one injects electrons (by any means of emission), would the 'pressure' in the chamber rise? Would the gas start collapsing itself? What would eventually happen if one keeps adding electrons?",Physics
0x1082,"I graduated with a degree in chemical engineering and a minor in chemistry in 2017. The classes I took for the minor were mostly around organic synthesis (class on mechanisms, class on methods, class on (retro)synthetic strategies), but I took a couple of other classes too (basically the ""1"" of most classes you can think of except for pchem). While I was in college, I didn't do any research and didn't form relationships with professors (which, in hindsight, was obviously pretty dumb). My grades were good, at least.\n\nSince graduating, I've been working in a lab in (I guess?) industry, doing mostly formulations-related stuff (largely in a box) as well as a couple of other projects in general. Although the work that I do on a daily basis is literally ""chemistry"" and literally ""research"", a lot of it is grunt work. I do feel decently confident in the lab, though, and feel like I've accumulated general lab / chemistry skills here and there.\n\nThe pay is solid and I enjoy people at my company in general, but the job itself is unsatisfying. The pandemic has kind of encouraged me not to quit, at least in the short term.\n\nAnyway, would attempting to get into a master's program in chemistry be a good idea? Bad idea? Am I misunderstanding the concept of a master's altogether? Ignoring that I will again have to very awkwardly beg professors for the third professor-written letter of rec (who probably remembered me 4 years ago when I was first getting a job and asking but may not now), does the lack of specifically academic research hurt? Does the fact that chemistry was my minor and not my major hurt? I also don't have much interest in what I am currently doing and wouldn't want to do research related (directly) to it - instead, hopefully something related to organic synthesis / chemistry (loosely or strongly).\n\nFor those that read this wall of text, thanks for your patience.",Non-physics
0x1f7d,"""If we were in Mayan times we would offer you the heads of the directors of ARC in sacrifice, but since all of that is illegal, we humbly request $100,000..."" This is all gold!",Non-physics
0x1034,"Oh I see, I misunderstood why you think it's (C).\n\nWell, like others have said, down wash dissipates very quickly, but also note that the *direction* of the down wash is not exactly down, but is more closely approximated by the direction the rope is hanging in. This means there isn't much surface area of the rope facing the down wash to be affected by it.",Physics
0xd0d,Because it's what is causing this. The penumbra of an eclipse occurs because the Sun is so large; it can be thought of as multiple smaller light sources: one blocked fully by the Moon and one blocked only partially by it.,Physics
0x2052,"QC is a rare case where there are jobs available to work as a physicist in industry. It's still way harder than becoming a regular software dev, and you are unlikely to make more than just doing software dev. But, it's also a lot more interesting (imo)",Physics
0x1316,"Fortunately many, many conccepts can be grasped without doing the specific schedule/timeline some random university might have. Courses cover stuff widely, degrees cover stuff widely; there's no unique linear path from ""no physics"" to some specific phenomenon. :)\n\n(6+ years, assuming a student uses much more time on many things which are not prerequisities of double Cooper pairs.)",Physics
0x1ead,"Yeah exactly i love the thought of having these guys, spiders and house centipedes and such. \nAs long as i don't wake up with one of them on my face",Non-physics
0x1f4,I think its hard to measure the effect of smell/the effect of chemicals that influence us. There are always tons of factors that influence our behaviour. \n\nBut I nevertheless think that these subconscious factors do influence us to a degree that behaviour is altered. \n\nFor example I read that strippers get tipped more on their fertile days - and thats only one example.\n\nI think there should be more research on this.,Non-physics
0xd06,"Atomic clocks so far have not had the required precision to measure the time dilation of a few mm change in Earth's gravitational potential. Also, the atoms in the atomic clock are what keep the time...",Physics
0x1f18,"In terms of actual calculation, it is a wave, though a strange one whose amplitude is a complex number. The particle duality only kicks in when you observe something, because it does not appear like a wave then but like a particle.",Physics
0x3cd,Glanced at his wiki and he doesn't seem like a biologist and seems very biased at that. I wouldn't trust him as a credible source but then again im going off a wiki and never heard of the guy till now lol.,Non-physics
0x1212,"> how such a reaction could be exothermic with stimuli, be they kinetic or otherwise.\n\nCombustion of gasoline is exothermic. But gasoline is kinetically stable at room T.\n\nThere is no connection between the kinetics and thermodynamics. (No simple connection here.)\n\nFor your solution, there are two types of reaction. Nucleation is slow.",Non-physics
0x7f7,About a week ago there were a couple articles going around various subreddits indicating it was possible the solar system could be inside a giant magnetic tunnel. As best I can tell the physics subreddit completely ignored it. Why? Was it junk science?,Physics
0x263c,This equation is only true if you have constant accelleration during the process. In that case the average velocity amounts to the mean of Vi and Vf which is (Vi+Vf)/2,Physics
0x2773,"I have seen healthy (as in an olympic swimmer) get so sick that even after recovery he could only walk a few paces before needing to take a break.\n\nDelta is an extremely contagious variant and more and more younger patients are ending up intubated and on ventilators. Do all of them die? No absolutely not, but being intubated and on a ventilator can cause PTSD in some. Lets say you only needed oxygen - chances are the virus caused permanent lung damage, which means even if you never really got ill from the flu, now one bout of flu can cause pneumonia and you being admitted to the hospital. We are seeing neurological damage after recovery, how important us a fully funtioning brain to you? Males are suffering from ED where they have never had a problem before, diabetes developing in previously healthy patients. And I am not even touching on long COVID.\n\nYou might not die, you are right but what will your body look like after?",Non-physics
0x6bc,I think his description is already as specific as possible most likelely polyglycerol ester of linoleic and oleic acid and (diethanol)amides of said fatty acids.\n\nTry searching oleic acid ethanolamide \nAnd oleic acid polyglycero lester,Non-physics
0x277c,"Rubbing alcohol is isopropyl which is not good safe but works for sanitizing. Finding pure ethanol that’s 70% is going to be hard, Everclear is definitely the closest you’ll easily find but it does have comprenants that might not evaporate the way pure alcohol will. If you have a dishwasher, running it on high temp would sanitize your tools as well.",Non-physics
0x2489,Equipment cleaning is WAY HARDER. You can't just break it all down and sonicate the crap away. It has to be cleaned in situ. There's a reason that hole in the reactor is called a manway...,Non-physics
0x1465,"Biochemistry studies the chemistry within biological systems. If you’re interested in going into medicine or biological sciences, then biochem is right for you. \n\nIn my experience, I majored in Biochem. I took a lot of hard classes like: multivariable calculus, quantum mechanics, and biochemistry. They were all difficult, but definitely interesting. My advice to you would be: to chose take on the challenge of difficult classes, and learn all that you can from them. \n\nI now work at a small biotech where we focus on protein purification, and I believe that my education has given me a good foundation for what I’m doing in my career.",Non-physics
0xa18,"I think this will depend on how much time you have, and how self-motivated you are. You may be able to pick up everything you need by using free online resources and practice problems. Plus you said you're considering getting a tutor. A good way to test yourself might be to look ahead at chem 2 material and figure out where your knowledge gaps are. You might be able to get a syllabus for the course and see what textbook is required and go from there",Non-physics
0x1f2e,"But a dead body has no rights, correct? Do why should it matter what you do with it regardless of what the person said when they were alive?",Non-physics
0x118d,"I know this answer, but again no source, if you go on youtube, you will get this [video](https://www.researchgate.net/deref/https%3A%2F%2Fwww.youtube.com%2Fwatch%3Fv%3D3EGwlh2XHRg%26t%3D428s), as per the person in the video he is a doctor.  \nI have seen a different table on the number of joints in different parts body but below the table, there is a note not to sum the given number as some joints are counted twice, even that table count was 360 (if we ignore the note)",Non-physics
0xf8c,"Seeing as we are day animals I doubt we use the dark skin as camouflage. And I believe fair skin is more about not spending energy on melanine production since you don't really nees the extra sun protection. People with darker skin didn't get any advantage from it in northern lands, so fairer skin was slowly selected.",Non-physics
0x26b4,"Well to be more exact by ""does more than exist"" I basically meant ""does more than just be massive"".\n\nIn the standard model we've got extremely intricate descriptions of ordinary matter, which excitations of which fields it is composed of and how those interact.\n\nCompared to that the level of detail we have of dark matter is very low. It is *presumed* to have a roughly similar description, but what this exactly looks like and if it's just elementary particles or something more complex is largely unknown.",Physics
0x2664,This kind of simplification is used regularly in things like heat transfer. We learned in lecture about how they estimate times per pound for hams and whatnot. It’s basic and gets you in the right ball park. Not weird at all and makes math a lot easier,Physics
0x1d87,"\n>I hope enjoy your life believing that this is all there is\n\nI will!\n\n\n>don’t worry, not going to condemn you to hell.\n\nWouldn't care if you did. \n\n\n>ignoring thousands of first hand accounts and how fascinating it is that the details can be so similar across the world among strangers is pretty interesting\n\nI'm certainly not ignoring them! There accounts are a very fascinating look into how our brains deal with death-like conditions. It speaks to a deep biological mechanism for these phenomena. \n\n\n>Ignoring things because they seem woowoo is just as detrimental to progress as believing in a sky daddy is.\n\nI'm definitely not ignoring things. I definitely think psychoactive drugs have very strong effects. I just don't think they have magic effects or connect us to anything outside our own brains. They change how our brains operate and our brains *are* us, so of course people have profound experiences on them. That doesn't mean those experiences are anything but internal.",Non-physics
0x2215,Alpha-methylstyrene and cumene. I spent 4 months of my life optimizing a reactor with the stuff (6-7h 3 times/week). Even with reactor in the fume hood the smell was overpowering.,Non-physics
0x14c,"Two words: Ronnie. Coleman. There may be a role for testosterone in lowering vocal pitch but there are clearly a litany of other factors that affect vocal pitch. Length of the cords, structure of the larynx, etc., may all impact vocal pitch independent of testosterone.  So having a higher vocal pitch is not itself indicative of a lower testosterone level. However, given two people in which all other variables are identical, the one with higher testosterone should have a lower vocal pitch.",Non-physics
0x55e,"It is  tobacco hornworm, *Manduca* *sexta*, a close relative of the tomato hornworm. Tobacco hornworms are moth caterpillars (not worms) with diagonal white lines on the sides (like cigarettes) while tomato hornworms have white ""V"" shapes, or chevrons (as in ""V"" for vine-ripened tomato, if you like mnemonics to remember things).\n\nBoth will feed on most plants in the tomato family, and supposedly do well on wheat germ if you want to raise them. The adult moths are ususlly called tobacco hawk moth.",Non-physics
0x294,"Where would optical traps come into play? In surface-electrode ion trap chips, such as the one used for this work, many different, movable trap potential wells can be created by applying appropriate voltages to the segmented DC electrodes. This is an established technique, which has been explicitly described by Kielpinski/Monroe/Wineland some twenty years ago under the name ""QCCD"", and has received wide attention since (cf. also the Honeywell and IonQ commercial efforts).\n\nThe preview picture pulled in by Reddit actually shows these segmented electrodes, although only the three segments closest to where the gate was performed.",Physics
0xedd,Fair point. I’m so used to referring to intensity as a flux value that my brain saw the note on injection energy and got it backwards. \n\nI don’t even want to think about how much higher fluxes they run.,Physics
0x2585,What does increased accuracy of the neuron decay lifetime teach us?  Does it help us tune some parameters in the Standard Model or is it just confirmation?\n\nWhat is the neutron source?  The things I can think of that produce large amounts of neutrons would have major radioactivity concerns.,Physics
0xd27,Covid has been around for nearly 2 years. Our immune system has developed natural anti-bodies since infected. The survival rate is above 96% and since  the covid vaccines cause more harm than good he can survive without one. Vaccine were developed to quickly and have been known to cause blood clots in healthy people.,Non-physics
0x27d2,"You're just wrong.\n\n@ T  + 10 -- the bullet is 5ls away? So its traveling @ 2c?\n\nDude, accept you're wrong. Understand why. And learn from it.",Physics
0x2499,"..until we have an O2 excess and start seeing those foot long dragonflies again ;-)\n\n(seriously, we got a long way before that happens, but it does amuse me).",Physics
0x1225,"Like the old joke about the physics student who was having trouble with his girlfriend.  His pal says, ""We can solve it.  First, assume a spherical girlfriend ...""",Physics
0xf2a,The energy you need to move the water initially will always be greater than the energy of the air bubble moving. If you move a small amount of water there will be a smaller pressure difference and the bubble will move slower. If you have a lot of water to begin with(i.e. a long tube) the pressure difference will also be smaller. Moving a lot of water in a small tube will have a greater effect on the pressure but require more energy and give less room for the bubble to move.,Physics
0xe6b,"You could say the same thing about kinetic energy: where is the energy ""stored"" in kinetic energy? You could say it is stored in the mass, but that would not be correct because it depends on the velocity. You could say it is stored in velocity, but that would not be correct, because it depends on velocity squared, and also on the mass. The kinetic energy is just the name we give to a certain combination of measurable quantities, namely 1/2mv^2 , which just so happens to be conserved when added together with a bunch of other combinations of measurable quantities, one of which is potential energy, which in this case is mgh. I think you will confuse yourself if you try to think of energy as being a ""thing"", rather than as *a quantity we can calculate which happens to be useful*.",Physics
0x14dc,"Given that phenolphthalein is a weak acid, it probably eventually reacted with the alkali (NaOH) to form a salt, as per any neutralisation reaction. \n\nThe salt is possibly sodium phenolate or sodium phenoxide.",Non-physics
0x803,"You already received some great answers. If you want to deepen for knowledge of protein folding, consider trying ""Foldit"", it's free and a link is here: https://fold.it/",Non-physics
0x1f1f,Do you mean is it still in use by humans? I've read that it is in theory a reserve of healthy bacteria to repopulate the intestines should the gut flora be thrown out of balance. Someone may have better information but this is what I recall from human anatomy/biology/physiology.,Non-physics
0x2684,"Agree.  Had the two jabs.  No issues with first, other than standard arm soreness.  Second one 21 days later.  Not really much arm soreness, but 5 days later extreme “weird” back and abdominal pains, from pelvic brim to just above diaphragm.  Figured it was a flare up of IC.  Nope.  \n\nEnded up with multiple dx of compression syndromes and blood clots all over my abdomen.  May thurners, nutcracker syndrome, pelvic congestion, thoracic outlet, etc.  Needing to rule out superior mesenteric artery syndrome and median arcuate ligament syndrome.  \n\nCurrently with two iliac stents, on blood thinners, and awaiting next procedures.   “Could be” congenital and dormant? But sure as shit created a shitstorm in my body.  Been dealing with this since the end of July.  Losing weight and afraid to eat because of pain \n\nCouldve been worse with live virus, who knows.  Either way, life has completely changed\n\nEdit: a friend of mines adult son has had severe neurological damages.  Last I spoke with them, still unable to walk.  Got feeling back in one leg, but not the other.  Not sure what the official dx is.  Had to have daily rehab.",Non-physics
0xf7f,"Also, when protein become denaturalized due heat for example, the hydrophobic parts usually become exposed. Unspecific enzimes called chaperones form weak bonds with such heat shoked proteins and 'massage' them into their more stable, biologically functional form. Chaperones are ever present in the syntetisis and (co)transport of protein, to keep them from denaturalizing and agregating, forming hidrophobic bonds among eachother, which is fatal to the cell.",Non-physics
0x1892,Oh yeah the first one looks to be that species. But I'd rather not take my chances with any of them. I've watched too much Man Vs Wild to try.,Non-physics
0x1736,"the chimney comes up a lot. \n\nIf I assume an electric fireplace and no chimney, and close cell spray foam. Go with a 1?\n\nWith Respect To the chimney, in real life, that is probably the issue. The root of the excise is a debate with Fireplace Install. I bought a 50,000BTU fireplace (double sided) and it is not heating the room at all. Had a 3 hour argument over expectations with everything being  arbitrary 'you need to understand that...' \n\nA 50,000 BTU only rises the temperature 5F over an hour, is wrong, what is right?\n\nThey are working on a damper for the chimney assuming the burner is working and producing the BTU, then the BTU are being sent up the chimney. \n\nI want to have a number (current is 33F) that the fireplace should be able to raise the temperature.  Thus me re-learning Differential equations....",Physics
0x582,"1) Technically, you can do anything you want, but I would rather not get involved in the ethics of advertising the sale of bodily fluids. So, to answer ""people can well breast milk for a high price for a short time after getting vaccinated and advertise it as having antibodies?"", sure, they could, but whether or not it's entirely accurate or safe without proper testing, remains to be seen. That's a whole other rabbit hole that I'd rather not comment on.\n\n2) No. For the long explanation, newborns have special receptors on their intestinal lumen/lining that allow for the absorption of special nutrients, including antibodies, from the breast milk of the mother. These receptors allow for proper absorption and circulation of intact antibodies from the mother into the child. After a period of time with aging, these receptors go away in the adolescent/adult, so drinking breast milk from a recently vaccinated woman would not be beneficial in fighting COVID-19 in the adult patient.",Non-physics
0x11ca,"Baking it at 800°F for 3-4 hours should turn any stuck bits to ash. Like the inside of a self-cleaning oven.  Not faster, but way less effort.\n\nMaybe a higher temp would get it cleaned up quicker.",Non-physics
0x1d29,"Very interesting! I suspect it has something to do with convection in the wax vs. on its surface, where convection in the wax causes motion in the direction of the flame, while local convection occurring in the air surrounding the flame creates an opposing velocity field on the surface of the wax. It seems like there’s vortices in the vertical plane (i.e. the plane the wick lies in) that are creating the attracting-repelling effect.",Physics
0x12cc,"Physics memes will always be associated with bad behaviour.\n\nThe next time a bunch of stupid maths or physics memes make you angry, don't take it personally. Let those memes go. It's a lot easier than trying to make sense of it all.",Physics
0x1131,"I got an industry job doing NMR for a consumer goods company after finishing my PhD. My background was a mix of synthetic and physical organic chemistry, but that came with a lot of analytical experience as well. I love my job currently - the NMR team is fantastic, everyone is hardworking but also supportive and down-to-earth. \n\nMy work/life balance is infinitely better than it was in grad school. Average time spent working is probably 40-50hrs per week, depending on how busy I get. I can access my instruments and data remotely so a lot of my work has the option to be completed from home. Some other groups at the company have more of a classic chemistry grind culture where you’re expected to be there all the time - not what I want in my life!\n\nFor someone like me (introvert, pretty low-maintenance), the salary is great. Pharma would have been higher, but I’m very happy with the overall package. \n\nOnly ‘complaint’ would be that I miss things like office hours and tutoring ochem. I do not miss grading homework and exams though!",Non-physics
0x264e,"“Toxins” is your closest guess…so what does the liver specifically *do* with regard to toxins?\n\n(Also, just as a general crossword note, you should be able to guess the last four letters.)",Non-physics
0x23d3,"Then pick another flagship - Cassini, Mars2020/Perserverance, Mars Sample Return, etc. \n\nPicking the single worst budgetary disaster in the last 25 years of astronomy is putting the thumb on the scale a bit too much.",Physics
0x8ca,Careful there. The dopamine hit is why people get addicted. The norepinephrine is more the functional benefits of having more energy/focus\n\nIt’s an interesting drug for sure. Read up more on it. And be careful,Non-physics
0x1a70,"Not only that, but you'll notice the top is open, the Halbach Array only repels neutrons from the surface. These neutrons have such low energy that they can't escape the top because they are *gravitationally* bound. Also for transport, they have such a low energy that they actually interact with the walls of the beamline and bounce around inside on their way from the source to the experiment.",Physics
0x26a4,DNA polymerase has an exonuclease activity as well. And it doesn’t stop at the end of the RNA primer. It just bulldozes through whatever sequence happens to be ahead of it until it gets bored and falls off.,Non-physics
0x1cff,"The frame of reference from this theory is the space-time itself. The expanding universe extends from the moving galaxies to the distance between atoms. So there is never a way to ""stop"" unless the universe stops expanding or contracts.\n\nYou might be able to test this theory by sending two atomic clocks in opposite directions at high speeds. One going counter to the direction of the rotation of our solar system relative to the spin of our galaxy and the other in the opposite direction. Even then, the time difference might also be only noticed if we counter of the spin of our galaxy. This may need to be conducted outside of our solar system.",Physics
0x2449,"The base is AP Physics C: Mechanics. Personally, I just studied by doing past tests (start with the oldest, since they’re the easiest), but another great resource is Morin’s Problems and Solutions in Introductory Mechanics.",Physics
0x2081,"Thank you so much friend. ❤️ I am hoping I didn't do myself harm from breathing it for so long. I always rush them to the garage now.\n\nDo you know of a way I can try to neutralize it, or remove it from the clothing? I'll try anything. 😪",Non-physics
0x8c8,"Well it kinda depends on geometry but likely what is happening is that, you need to lean the bike hard to the right to keep the contact patch under the offset center of gravity, and that lean angle combined with the fork's offset forces the wheel to steer right. Fork offset changes steer angle in a lean - if there were no offset on the fork, the wheel would just flop to the side when driving straight because with a slackened steering axis, the wheel is actually at it's highest point when pointed straight, and 90 degrees to the direction of travel is it's lowest point. Due to the castor effect, fork offset causes the wheel to point forward when the bike is upright, but also causes the fork to self-steer into a lean due to the offset from the steering axis. A fork with zero offset would tend to point out of a turn while leaning. \n\nTL;DR: Bag is heavy on one side. Lean other direction to balance center of gravity. Bike thinks to want to turn away, momentum makes it worse",Physics
0x4c7,"Maybe it just wants to talk. We should be less judgmental of inanimate objects just trying to start a conversation. \n\n(In all seriousness it’s probably because of expanding air as the temperature rises, like what Zohaib said).",Physics
0x732,"It gets worse! We need high-purity D2 because HD eats our neutrons, so we have fewer neutrons to put in the trap, which decreases the statistics gathered per hour of experimental time. Even 3% HD is terrible for us. Also, our neutron guide materials aren't perfectly clean and convert some of our D2 to HD.\n\nLimited budget to buy new D2 + the paperwork required to make it happen is a significant factor that limits our experiment.",Physics
0x17f6,"The mods already removed this post, and that's why it didn't get more upvotes.  It's not /r/physics that hates Sabine, it's the mods that do.  https://old.reddit.com/r/Physics/search?q=The+Delayed+Choice+Quantum+Eraser&restrict_sr=on&sort=relevance&t=all\n\nConversely, https://reddit.com/r/QuantumPhysics, has it pinned.",Physics
0x1f42,"No.\n\nTime still passes when you’re not moving. You’re ignoring the principle of relativity when you say things like “the Milky Way is moving, and so is the solar system”. There’s no “correct” frame of reference, nor absolute motion.",Physics
0xc0c,"Hi so I’m currently living in NYC. I am a current college student getting a Computer Science and Information Security degree. I have taken a great interest in both machine learning and physics. I was wondering what should I do for a masters? I am interested in neural networks and how it can be applied to particle physics. Another area I’m interested in is AI safety. If anyone has a recommendation of a grad school or a masters degree where I can pursue this, preferably in NYC let me know. Also I have a 3.0 gpa, for grad school would this be enough to get in, or do I have to get a 3.5?",Physics
0x224e,"Yah, you can tell as soon as they use words like 'could be' or 'likely' \n\nStopped earlier than you with perfect on abstracts and also lower on titles.",Physics
0x661,"Hey,\n\n* I think [this website](https://openstax.org/subjects/high-school) has great textbooks for free.\n* Professor Leonard has great videos on mathematics (both high school and college level)\n* [This blog post](https://www.susanjfowler.com/blog/2016/8/13/so-you-want-to-learn-physics) was very famous for teaching yourself physics.\n* MIT OpenCourseWare is a great website, and it has a lot of lectures given by MIT professors.\n\nThat's all I can recommend, hopefully they'll help you figure out what to do.\n\nEdit: Also Scott Young's ""[MIT Challenge](https://www.scotthyoung.com/blog/myprojects/mit-challenge-2/)"" can help you out how to organize those classes.",Physics
0x132c,I think it would be far more effective for mankind to focus on restoring ecosystems and reducing our CO2 emissions rather then try to brute force engineer our way out of the problem. The planet we live on provides a huge amount of life support for free. It would be a mistake to focus human economic output on replacing a system that was naturally correcting and required no maintenance with systems that require constant maintenance and support from who knows how many humans who could instead be focusing their work output on things that the planet can not do for us such as building infrastructure in space focused on spreading our reach to resources beyond our planet in order to put even less stress on planet earth over time.\n\nPlanet earth is a marvel. When you look at the difficulties of living on any other planet but this one you are blown away by how much we get for absolutely free. This free life support system is the most valuable thing (to humanity) in the entire universe. We must repair it and humans might not ever discover anything like our planet even if we explore significant chunks of the milky way.,Physics
0x1840,"I agree, the shorts are awful. It’s just YouTube trying to be tiktok or Instagram. As for the content, I do understand what you mean. His video format and content has dramatically changed in the past few years. This has been happening with a lot of youtubers since views=revenue and since most youtubers are doing this full time, they will move towards whatever gives them the biggest return on their investment. With science-related videos though, this usually tends to gravitate to “dumbing down” the content to attract a wider range of possible viewers. Having a video that is purely chemistry with no fluff is great for chemists, but not for the average person. And, since there are more non-chemists than chemists, you do what you have to do to get more views. Whiles this is kind of a bummer for chemists, you could see it as a positive if it is attracting more non-chemists into taking an interest in science.",Non-physics
0xd60,"No problem! One clarifying thing though, according to the source paper they are feeling a negative total drag, their mother is effectively dragging them along in her wake as long as they are in the correct positions in a line. The ducklings are actively thrusted forward by the total drag force, all they have to do is get to speed with their mother and then they would naturally find themselves at an equilibrium with their mothers+siblings motion(they would need to course correct to not fall out of the wake though). If they were rougher/less hydrophobic the viscous force could dominate but this is not the case.",Physics
0x217f,"Disclaimer: You are taking the very first steps of a very long road thrilled by many physicists, many of them never accepted Quantum Mecanics as a physical theory.\n\nYour thought experiment were in fact already executed several times and in different situations. There are a lot of underlying conditions you may be missing, I will give you some food for thought:\n1) Under Quantum Mechanics formalism (QM), energy conservation is not to be understood in the same way you may have under Classical Mechanics. The most striking example of this is the tunneling of particles through a potential greater than its total mechanical energy. But this is not the only one. See the Casimir force, for example;\n2) In your setup, you are probably taking your 'detectors' as perfect ones, which never miss any detection and does not give false positive. Even in a thought experiment, it is hard to conciliate this with QM formalism. Either way, supposing you have one, you are entering the 'spooky action at distance'. See the debate between Einstein and Bohr on this subject, where Einstein states what was later known as EPR paradox. I consider this a very important criticism because - although Einstein were proved wrong at the end, its questioning gave rise to a whole new field of QM, known as the QM contextuality. The first concise steps in this new field were given by Bell, which stated his famous 'inequality', I suggest you to have a try on this too;\n3) The true answer to your question is: the speed at which this 'information of detection' should travel is not relevant. What is known is that it happens as long as you adquire information about the system, you have your 'colapse'. Also, it does not violate classical energy conservation, because in the long run, i.e., in the limit where you have a long enough number of trials, total energy will be conserved. If you search for the arguments and references I've mentioned in step 2, you will inevitably end in the so called 'Hidden Variables Theory', which is in fact the begining of the contextuality problem.",Physics
0x5e2,"Well when you burn it and it turns into smoke that you inhale most of the molecules in that smoke can easily be absorbed by the lung epithelium. Molecules by definition are small so there’s no problem for them being absorbed but there’s thousands of chemicals in cigarettes that get absorbed even heavy metals like cadmium, lead etc. will be absorbed",Non-physics
0x2446,"Is that an upper limit or lower limit? We’ve never actually observed a proton decay, right? So, wouldn’t it be easier to determine a lower limit? Quick search on Wikipedia shows lifetime >2.1e29 years. So does look like we only know the lower limit. But I’m not an expert on this so please correct me if you know something I don’t!",Physics
0x1a23,Smoker's lungs do repair themselves quite miraculously. That's why it's never too late to quit. The day you stop is the day your lungs begin to improve.,Non-physics
0x1cbd,"When he lets go his fingers put a little bit of horizontal force on the paper, away from his hand. So it always slides away from the hand.",Physics
0x1287,"Interesting.  We used an incandescent light bulb, a color filter, and turned the power low enough to get to our target photon rate.\n\nIt didn't produce a particularly clean frequency spectrum, but I think it should still produce single photons.",Physics
0x254f,">i mean what do you think inflaton fields are, or higgs symmetry breaking, if not gigantic hacks?\n\nI feel like this is a category mistake.  The problems that the inflationary hypothesis solves are legitimate problems that don't appear to have any simpler solution at the present time.  However, the main problem that MOND was introduced to solve has an adequate and vastly simpler alternative solution (dark matter), and these days MOND doesn't even fully solve that problem on its own and still needs some dark matter to match observations.\n\nSo, you're calling what is arguably the simplest solution to a set of real problems a ""gigantic hack"" while comparing it to a non-solution to a different problem that already has a much simpler solution.\n\nAt the end of the day, we need an actual solution to things like the horizon problem.  The phrasing you used to characterize inflation makes it sound like you would consider *any* solution to be a ""hack"" simply because it would be more complicated than current models without any solution, and that seems misguided.  What sort of solution to the horizon problem *wouldn't* you consider to be a gigantic hack?",Physics
0x2182,"I'll attempt to answer your question in the most straight forward and simplistic way I can.  I'll avoid getting too detailed so you can wrap your mind around the basic concept of viruses. \n\n----------------------------------\n\nViruses don't ""want"" anything or have goals, motives, desires or intent. Viruses exist to only to replicate. \n\nViruses are completely reliant on a host to do the replication for them. \n\nVirulence is a human created term to categorize the severity of illness caused by a viral infection. \n\nSome viruses cause little, if any, ill effect on the host.\n\nSome viruses cause the host to fall ill for prolonged periods of time. \n\nSome viruses can infect a host for the duration of the host's life. \n\nSome viruses can cause severe acute illness followed by death. \n\nSome viruses infect a host just once but leave the host forever scarred or with significant long-term health issues \n\nMany viruses are host specific, meaning they can only infect a certain specie(s).  \n\nViruses infect very specific cellular systems within the host specie(s).  \n\nThoes infected cells are ""hijacked"" by the viral genetic information and given instruction to replicate the virus over and over and over again until the infected cell bursts with millions of copies of the virus.  \n\nThe replicated viral copies quickly infect the adjoining cells and the process repeats until either all the cells are destroyed or the immune system of the host gets the viral invasion under control. \n\nMutations during the replication process drive the evolution and success of viruses. \n\nThe more the virus is able to replicate, the higher the probability of a mutation occurring. \n\nMutation are caused by errors made in the replication process.  Nearly all mutations are unsuccessful dead-ends for the virus. \n\nSome chance random mutations may make the virus more successful. \n\nA ""beneficial"" mutation may give a virus ability to replicate at a greater rate, in greater numbers, infect different cellular systems or even infect other species.\n\nWhen a virus mutates to infect a new  specie(s), it becomes a novel virus for the new host(s). \n\nA novel virus can be highly virulent on a new host because the new host has no immunity to combat the virus. \n\nA novel virus can replicate unchecked within the new host specie because there is no ""programed"" immune response to combat the novel viral infection.  \n\nWhen a virus is given the opportunity to replicate unimpeded, the probability of a successful mutations increases. \n\nAs the virus mutates through host replication, it may become more virulent on the host. \n\nIf a virus is overly virulent on its host, it often leads to an evolutionary dead end - in other words, if all the hosts are killed by a virus, the virus won't be able to replicate and will go extinct.\n\nOver time, natural selection tends to favor the mutations that make virus more transmissible over mutations that make it more virulent. \n\nThe most successful viruses are ones that have evolved to be highly transmissible but have minimal virulent effects on the host. \n\nSome viruses can be highly virulent on certain individuals in the host population and have no virulent impact on other individuals within the same population. \n\nOver time, the genetic traits in thoes unaffected individuals will be passed along to subsequent generations and become the dominant trait within the host population.  \n\nThis relationship between viruses and their hosts has been ongoing for hundreds of millions of years. It's known as an evolutionary ""arms race"". \n\nViruses have always, and will continue to always be one of the selection factors driving the evolution and diversity of species on our planet.  \n\n----------------------------------\n\nAgain, I tried to make the information very simple and loose.  I left our a tremendous amount of information in hopes to provide some insight without confusion.",Non-physics
0x91e,"You're making the mistake of saying that i ≠ √(-1) because the *principal* root of 1 is 1. But -1 is also a square root of 1. The square root of +1 is either +1 or -1. Thus, it follows that i=√(-1).\n\n>""The"" imaginary number i (also called the imaginary unit) is defined as the square root of -1\n\nhttps://mathworld.wolfram.com/i.html\n\n>The imaginary unit or unit imaginary number (i) is a solution to the quadratic equation x2 + 1 = 0.\n\n>...\n\n>its square is −1:\n\n>i^2 = -1\n\n>With i defined this way, it follows directly from algebra that i and −i are both square roots of −1.\n\nhttps://en.wikipedia.org/wiki/Imaginary_unit\n\n>The imaginary unit is sometimes written √−1  in advanced mathematics contexts (as well as in less advanced popular texts). However, great care needs to be taken when manipulating formulas involving radicals. The radical sign notation is reserved either for the principal square root function, which is only defined for real x ≥ 0, or for the principal branch of the complex square root function. ***Attempting to apply the calculation rules of the principal (real) square root function to manipulate the principal branch of the complex square root function can produce false results***\n\nBunch, Bryan (2012). Mathematical Fallacies and Paradoxes (illustrated ed.). Courier Corporation. p. 31.",Physics
0x216c,"That’s relative to another inertial frame; the person on the ship still perceives the passage of time, just differently from that of the observer. Time can’t “stop” because there is no universal Time.",Physics
0x1a5a,">**Either these are Jesus birds,  or ....**\n\nOr, it was a clear sign from God that **the end of the world** is near. \n\nHave you accepted Jesus as your Lord, and the Savior of your soul, yet, **brother Codon ?** \n\n**Regardless,** please, let me know your scientific opinion **on the following :** \n\n[https://www.reddit.com/r/CreationEvolution/comments/qha4pd/is\_darwins\_simpleminded\_idea\_of\_natural\_evolution/](https://www.reddit.com/r/CreationEvolution/comments/qha4pd/is_darwins_simpleminded_idea_of_natural_evolution/)\n\n.",Non-physics
0x1d95,"It’s deductive in the sense that’s it’s all circular reasoning, the conclusions are hidden in the assumptions. Like, if you look at their “constructor theory explains why life exists paper”, and strip away all the wannabe category theory and metaphysical jargon, the core arguments boils down to:\n\n1. By definition, if there is a “contructor” for life, then it can “construct” life, so that life exists\n2. Assume there’s a constructor for life\n3. Therefore, life exists\n\nThat may even impress some people who aren’t paying much attention, until you realize you could replace the word “life” with “unicorn” and have an equally valid proof that unicorns exist.",Physics
0xf8,I don’t know what type of bird it is but never ever apologize for doing your best to speak a foreign language. Your English was good enough for everyone to know what you are saying! Great job !,Non-physics
0x103d,"You can assume it the same way you assume everything in a physics problem. We're also assuming the local gravity vector points down and has no variation along the height of the rope (even through the top is farther from the earth so gravity is weaker). Rotor wash dissipates quickly, that's just a fact of life, in the same way that gravity gradients being weak over these scales is a fact of life.",Physics
0x1a26,Probably big junks the size of a basket balls would survive. There is also a bigg difference in speeds. The shuttle would reenter at only like 5kms a deep space astroid can come in at like 90kms. But still such a solid uuniform. Asteroid of any material esspjcaly diamond would impact the ground with a lot of energy.,Physics
0xc0e,"The reason that its not accelerating is because the tension and the gravity are equal and opposite (when ignoring air resistance, when taking into account air resistance the tension is equal and opposite to the combined force of gravity and drag).",Physics
0x10db,"Is it really that surprising? It's like a tool that can be used for many, many things, drugs legal and not included. I think it only shows that chemistry is a universal language that connects people of very different backgrounds",Non-physics
0xd56,"Sure, but I was just trying to give order of magnitude comparisons to three other ""flagship"" efforts. JWST came to mind because it's just about to launch.\n\nYou can't compare a flagship experiment to a small-scale experiment like TESS; the whole thing is smaller than a car and the lenses fit in the palm of your hand. I mean, by that same logic you could say TESS is way overpriced, because the ground-based Zwicky Transient Facility can also detect some exoplanets, and it only cost the US government $10 million, 95% less than TESS.",Physics
0x323,"yup. Because the tube thing he has in there has enough air in it to make very close to water in terms of density. That's why when it goes up, it stays there and when it goes down, it stay down.",Physics
0xaa7,"People who say that don’t understand the basic foundational principals of the theory of evolution.  Evolution has no end goal, just random mutation and selection pressures.",Non-physics
0xc06,"Rhinoviruses (and other viruses that cause cold symptoms) have an extremely high mutation rate so even if you develop immunity to one type, you're still vulnerable to many other varieties.",Non-physics
0x80d,"A nice little in-between might be studying engineering physics, if that's available in Greece. Otherwise, if you want to study physics and do astronomy in grad school, then you should go for physics. There are still many opportunities that are opened up for you for having a physics degree (data science, economics, engineering, etc.); that's one of the main reasons why I went into physics in the first place.",Physics
0x2209,"Ah I see, thanks for informing me.\n\n\n\nI've heard that they're looking to see the relationship with the higgs boson and either the top or bottom quark? Is there something they're looking for in there?",Physics
0x58d,"I mean I would take care in what is really being said by various sources; the most accurate take would probably be neutral on the issue at hand and would not be showing any bias; i.e. ""there are a number of hypotheses for why these behaviors occur, and there is at least some evidence which agrees with each; however, this is an area which requires more study."" \n\nA few of these ""sources"" are not scientific sources at all and a few seem to indicate bias to me, those included; ""bias"" does not necessarily mean homophobia (though it is in some cases), when I say that I mean for example ""animals aren't intelligent"" or ""they don't really know what they're doing"" type arguments. \n\nResearch shows many are more intelligent than we thought, and many are certainly widely understood to be intelligent enough that you can't act like your conclusion encompasses all non-human species (great apes are kind of notorious in this discussion, especially bonobos).",Non-physics
0x26a0,"I worked on this experiment. AMA\n\nBoron-10 has a high capture cross section for neutrons, and the cross section increases as 1/v. The neutrons in this experiment are ""ultacold neutrons"" (E < a few hundred neV) so 10B has a very high capture cross section. The capture reaction is 10B (n,alpha) 7Li.\n\nThe detector is built like a sandwich. On the outer edges are ~20 nm of 10B. The interior layer is ZnS, a scintillator. In the middle there is acrylic that has wavelength-shifting fibers (WLSF) built into it. From left to right, the structure is 10B : ZnS : acrylic and WLSF : ZnS : 10B.\n\nWhen a neutron captures on 10B either an alpha or a 7Li passes through the ZnS, and the scintillation light is gathered into the WLSF. The WLSF carry the light to the PMTs, and from there the signal can be digitized. One key feature of this detector is that the WLSF are laid out in alternating fashion, so adjacent WLSF transmit light to different PMTs. This allows for us to look for coincident signals between two PMTs, which significantly suppresses (and more importantly, stabilizes!) background noise from ~250 Hz to ~0.5 Hz.\n\nEDIT: grammar",Physics
0x116e,"Most of these kinds of posts are bots building up karma. Meme posts are against the sub rules, and I report them. But if the mods don't step up their game, I'm going to unsub. I don't come here for crap like this post.",Physics
0x1ad1,"i mean what do you think inflaton fields are, or higgs symmetry breaking, if not gigantic hacks? the elegance only really comes around after you've hashed out the details",Physics
0x71b,"[This recently reviewed site](https://immunizebc.ca/covid-19-vaccine-frequently-asked-questions) seems to provide some information (question 3 of Safety, Allergies & Side Effects), mentioning it is not recommended to take ibuprofen, but if you did that your vaccine is valid.",Non-physics
0x2493,"Yeah. From my point of view we cannot reject the possibility of things like fifth force but I would not expect them to show up in current ""generation"" of experiments. There was no plausible evidence to it's existance so we need higher energy/precision experiments for it to show up if it even exists.",Physics
0x45,"Well I’m had 3 Pfizer vaccine shots and no issues and still wearing a mask, don’t eat in restaurants, healthy no meds, occasional drink of Scotch or glass of wine with dinner. 62y.o. Male, occasional cold, never had a flu shot. During my trip to South Asia November of 2019, I did get sick right when this virus hit November 26th 2019. It take 4 months to get well! So get the Shot, you never know!",Non-physics
0xae5,"I have MS in SCM and MBA but physics and all the answers that are still yet to be answered is freaking cool to me. This is about discovering concepts, things we don't even know about yet. Man i truly love this stuff and do watch YouTube videos but still haven't dipped into the math that is required to conceptualize this stuff. Love how math gives us the blueprint as well.",Physics
0x6a4,"Ahhh of course, thanks, that's really helpful.\n\nOK follow up, let's say that outlet is gravity feeding into a second tank, normally with a much lower pressure, say 2000kPa. How would we understand the impact on the pressure of the second tank, by gravity feeding into it from the higher pressure bulk tank? Is the pressure in the second tank only affected by the rising liquid level compressing the vapour space? Ie how much does the first tank vapour pressure affect the second tanks pressure. Can Torricelli be used if the pipe flows into either the liquid or vapour space of second tank?",Physics
0x19b8,It is anamantia muscaria and it is not poisonous (I know cos I find them and eat them). They are not a psychedelic tho. They are considered a deliriant.,Non-physics
0x21e6,"Nope, ""ammonia"" is ammonium hydroxide. Bleach is sodium hypochlorite. The problem with bleach is that the hypochlorite reacts with the hydrogen (of the acid) and forms water, releasing the chlorine atom from the hypochlorite ion and forming chlorine gas. In ammonia, the hydroxide reacts with the hydrogen of the acid and forms water without any other side products.",Non-physics
0x1be9,">The fundamental point is that when it comes to capturing carbon, the way the CO2 was generated doesn’t affect the energy required to capture it at all.\n\nIf you mean:  the amount of energy required to re-uptake the CO2 from the atmosphere has no relation to the energy that was spent in releasing and mixing the CO2 into the atmosphere, then you're very simply wrong about this.   \n\nWhether any and all of this is done by burning fossil fuels (to generate the problem) and running renewably powered CO2-harvesters (to fix it) such as the prototype in Iceland, OR by decomposing plant and animal matter over thousands of years (the problem) and growing plants and algae (the fix) -- regardless of the ""implementation"" of the process, man-made or natural, it is absolutely the case that when you mix the CO2 into the atmosphere, \_energy is spent\_.  And if that CO2 is taken back, energy is spent again, and the amount on this ""uptake"" is \_necessarily at least as much as on the first mixing\_ --- *in practice*, it's a lot more.   This is very straightforward thermodynamics -- it's why and how a perpetual motion machine is impossible.  \n\nPerhaps I've mislead you by letting out, early on, an air that this relation between the energies is somehow 1-to-1, when it's not -- for example, when you burn a log, depending on your furnace etc, ""only"" about 15-30% of the energy released by the burn goes into heating the exhaust flue (and is thereby a component of the ""issue with entropy"" that the fart was originally about).  If I let the impression that 100% does, then it's my mistake.  HOWEVER, the energetics and thermodynamics of releasing that exhaust into the atmosphere is *still* such that I say confidently: you would have to use \_at least\_ the energy equivalent to that of burning the original log to get the exhaust back.  Whether this is done by just letting the winds blow over your adsorbant for 100 000 years, or by the flora growing for a 10 000, or by some array of turbines circling the planet and run by solar power for a thousand --- doesn't matter at all.  The fact remains that to reverse an irreversible process, you'll be spending at least the same amount of energy (and in practice, usually, much, much more). \n\nThere are many things that go into that confidence, understanding of the laws of thermodynamic being one, the ""sadly"" minute concentration of CO2 another (it would be much, much easier to process the N2 of our atmosphere, for example) -- we can even get to those if you like, but we simply *must* get around the *same* table before its even worthwhile.  As of now, you've written walls, I've said things, but we haven't been even discussing the same thing really.  \n\n\nI will read the rest of your comment, too :)",Physics
0x227,"Really interesting observation. I personally have no idea but interested to see what others say. I'm surprised the movie didn't address this as an issue, seems like a major one.",Physics
0xf0c,There was another post that said something similar so that makes sense and I thought of that using air in a ballon under water as a way to think about it but because we have those gases helping push the hydrogen up and fight gravity then what would the weight of hydrogen be if it didn’t have the help of these gasses push it up,Physics
0x221a,"I suppose you could say it's an assumption, but not a very far fetched one. The op did say 'his friend isn't sick when others around him are which is why he believes this'. That to me means he didn't really research, he's just going by his personal observations.",Non-physics
0x1448,"They can indeed. If they want to go to church, I guess the atheist will have to pack along ... or maybe they attend church virtually on the laptop with some earplugs in while the other one plays with their fingers.\n\nOr, you can put a VR headset over both their eyes and let them experience their own world. Who knows.",Non-physics
0x21d8,">Do they turn into other particles or are other particles created due to the protons collision\n\nthese are the same thing. You start with two protons and you end with a huge mess of things including lots of pions (which then decay to photons, neutrinos, and muons) as well as many other particles including possibly other protons. What happens each time is random chance which is why they do it *many* times to see if any rare things happen to happen.",Physics
0x17f4,"I think this person is trying to Speedrun getting banned from this subreddit.\n\nGiven that it's been at least a full day though, they're well over the WR",Non-physics
0x11eb,"Again this would depend on the vitamin in question, some are water soluble whereas others are oil soluble. Vibration on the molecular level is heat.  Such a miniscule amount of vibration on tiny granules isn't going to do much to change them.  This would be a physical change but common filler ingredient such as microcrystalline cellulose or maltodextrin are used for the aforementioned uniformity in granule size and wouldn't be affected by such vibrations but they will be broken down in your digestive system by chemical processes some as simple as being dissolved in water and other bodily fluids.",Non-physics
0x117,"    AMINO ACID TRANSPORTERS\n    SYSTEM            AMINO ACID TRANSPORTED    TISSUE LOCATION          pH DEPENDENCE\n    Sodium dependent\n    A                 Most neutrals (Ala, Ser)  Ubiquitous               Yes\n    ASC               Most neutrals             Ubiquitous               No\n    B                 Most neutrals             Intestinal brush border  Yes\n    N                 Gln, Asn, His             Hepatocytes              Yes\n    Nm                Gln, Asn                  Muscle                   No\n    Gly               Gly, sarcosine            Ubiquitous\n    XAG-              Glu, Asp                  Ubiquitous\n    Sodium independent\n    L                 Leu, Ile, Val, Met,       Ubiquitous               Yes\n                      Phe, Tyr, Trp, Hi\n    T                 Trp, Phe, Tyr             Red blood cells,         No\n                                                hepatocytes\n    y                 Arg, Lys, Orn             Ubiquitous               No\n    asc               Ala, Ser, Cys, Thr        Ubiquitous               Yes",Non-physics
0x1bcf,"The darkest part is the towel blocking the direct light from all sources, the next darkest is blocking the light from 2 of the 3, this lightest is the towel only blocking from 1 source.\n\nLayered shadowing would work, since the darkest part is three shadows layered on top of each other, then 2 shadows layered, and the final single shadow isn’t layered at all.",Physics
0x163f,"What do you mean about getting the mixture to the adsorbent? All that you have to do is put the adsorbent outside. Often there's probably a fan or something used to make the air blow through it more quickly, but in principle this wouldn't even be required, but it will make the process more efficient since you will have the gas flowing through more quickly.\n\nThe sorption process is the ""collecting"" of the CO2 from the atmosphere! They are the exact same thing. I even said this in an earlier comment.\n\nThe last part of your comment starts feeling conspiratorial. ""They whole sequestration sector is ultimately about giving the masses at least a thread of hope..."" If you actually believe this is true, I encourage you to write a journal article about the apparently obvious faults of carbon capture so that way the people who work on it in good faith can be alerted to the futility of their effort and they can shift their focus elsewhere.",Physics
0x243e,"You mean they put it in the fuel? I first thought they put it somewhere in the exhaust, but I guess you're right because it needs to burn of course.",Non-physics
0xeef,I got one dose of Pfizer but I can tell you with definite certainty that all four vaccines do this and are provable on physical testing such as small fiber neuropathy biopsies EMG and MRI.\n\nAny issues they cause are parallel to long covid issues.\n\nAnd yes of course I have to say for most people they have no reaction in their perfectly fine so far. But for us under 1% we're pretty screwed,Non-physics
0x18e0,"My first thought is that regular use of a toilet bleach tablet IN THE TANK would do this to the flapper (corrosion) - If so, maybe just replace it and don’t put such a harsh tablet in the tank.",Non-physics
0x201a,"Well I've also been talking about the physics of it (the thermodynamics in particular). You are simply wrong on the thermodynamics. I cannot stress this enough. I sent 2 journal articles which directly talk about the thermodynamics and show that the way the CO2 got into the atmosphere doesn't affect the energy required to capture it in anyway. This has been a frustrating exchange for me since it is clear that you do not know very much about gas separations, and you are incorrectly applying your thermodynamics knowledge to this specific application that you do not know very much about. I do not mean this to be insulting. You have been civil in your argument, and I have tried to be civil too, but that aside, it is frustrating to have spent effort directing your attention to a review article and a citation from that review article which directly contradict what you've said and have you still insist that you are correct. I don't think it's really worth continuing this discussion, but thank you for being civil.",Physics
0x1df,"In quantum field theory (which we know to work pretty damn well), in principle there are certain processes that are allowed to happen. Those processes are called ""Charge-Parity symmetry violating"". There's one parameter (called Θ) in our equations that determines how frequent those processes should occur, and this is something we have to measure experimentally and cannot derive theoretically, just like the masses of particles, their charges or how strong certain interactions are.\n\nAnd we experimentally find that those processes...have never occured once since we started looking for them in the 70's. So, it's pretty plausible that the parameter Θ is zero. We can't know for sure, though, and it could also be super super tiny.\n\nWell, it turns out that if this parameter Θ isn't just a fixed number, but another quantum mechanical field, then it would automatically cause those processes to never occur. Of course, this is a slightly more complex mechanism (replacing a number with a field), but it would work perfectly - and this is basically what we also did with particle masses. Before we treated them as pure numbers, but then Higgs came up with the idea that those might be caused by a field. And every field comes with a particle attached to it, and as you might have heard, we found that Higgs-particle.\n\nSo, if there is a field for our parameter Θ, then this also comes with another particle, and this is the axion. The existence of this particle would immediatly solve our original problem of possible processes never occuring, it would also be very, very light and have all the properties we need for a dark matter particle. And us cosmologists need dark matter to explain a lot about the universe - there seems to be a lot more mass in the universe than we can find. And we notice this lack of mass in many, many different scenarios.\n\nThe axion could easily solve two of the biggest outstanding problems in physics, the strong CP problem and the dark matter problem. And it comes as natural as the Higgs-mechanism. It's almost too good to be true.",Physics
0x1cfd,"The proton has an upper limit of 10^(34) years for lifetime, which is 24 orders of magnitude longer than the age of the universe actually!\n\nEdit: Should be lower limit.",Physics
0xaaf,"I’m fuzzy on fluid dynamics but it looks like a convection system. Ever heard the term hot air rises? Well molten wax is like air in that it is fluid, and thus subject to convection. When hot material rises, cooler material takes its place. It oscillates as it heats and cools.",Physics
0xb86,"Thanks for details and clarification.  I can see that a surfer could have a negative wave drag and a negative total drag.  The ducklings must experience a positive total drag from viscous drag, albeit decreased due to a small negative wave drag.  Good for them.",Physics
0x1c61,"Having used an anvil back in college I do know how extreme use can destroy the sample, the gasket, etc., regularly.  \n\nHowever, in this case, Dias refused to demonstrate his experimental apparatus was even capable of reaching the pressures claimed, and was relying on indirect evidence that really isn't definitive to make the case. Without an experiment to validate that the experiment could have been conducted as claimed, and without corroborative evidence outside of his lab, and without any details that might shed light on the failure to confirm the capabilities of even his own apparatus or a demonstration of his own.....\n\n....sorry. I've seen this tear stained monologue in enough rubrics to recognize when to set aside a paper, even when I'm clearly not an expert in the subject matter at hand. I simply need more evidence, and behaviors like Dias' all flash red for me from a history with personalities just like his. It's bad juju. \n\nIt would be nice and fantastically interesting if this all turns out to be undue skepticism, but the BS channel is saturated on this one. This needs to be teased apart before it can be accepted.",Physics
0x171b,"Everything is a carcinogen. Our own body produces carcinogens by creating ATP. It’s a question of exposing your body to something that damages your DNA faster than your body can make repairs. There are some things, like asbestos, where even just one fiber can cause cancer, but most things, it’s how much you’re exposed to. Peanut butter, for instance, is a carcinogen but 40 tablespoons of peanut butter has the same cancer risk as a single cigarette. And it’s all risk, there isn’t a guarantee that anything will for sure cause cancer. But a single drop of nail polish on your bedsheet is really not enough of a cancer risk to even blink at. But something else that’s important is that being stressed a lot is a bigger health issue than spilling nail polish. If you are worried that you will damage your relationship with your family by telling them you spilled a little nail polish- you need a professional therapist to help you with your anxiety. A therapist is an awesome person to have in your life, they help you direct your thoughts so that you’re not so burdened by your anxiety.",Non-physics
0x1f93,"So in other words, it doesn't. The lead crystal you pull out once a year is safe to use. There is no lead silicate in lead crystal. It's lead oxide, and all it does is change the refractive index and hardness of the glass. In other words, it makes it sparkly and easier to hand cut.\n\n[Like I said.](https://en.wikipedia.org/wiki/Lead_glass) Don't use it everyday, and it's fine.\n\nI actually *do* know something about glass.",Non-physics
0x31,"> And the blue/green oscillation happens at specific frequencies, Or rpm, Too high of an rpm and the effect doesn't take but weirdly it happens it low frequencies\n\nYour light is getting brighter and dimmer multiple times per second.  Probably 60 or 120, but maybe something else.  The different colors emitted are reflecting to your eye at different points in the rotation, and so different colors show depending on the position of the spinner when the light is bright.",Physics
0xc58,">Are you trolling me?  \nIt's travelling at 0.5c, which is 1 lightsecond every 2 seconds. So after 10 seconds (T+10), it has travelled 5 ls.  \nIt's incredibly basic math. Literally gradeschool.\n\n&#x200B;\n\n>T+10: Bullet is 5 ls away, first light reaches observer\n\nThe gun is 10ls away. @ T = 10, for the bullet to be 5ls away, it'd need to be traveling at twice the speed of light. If we agree total travel time is 20seconds @ 0.5c then how do you arrive @ 5ls away @ t=10\n\nMaybe you should review your math before accusing others of missing ""literally gradeschool"" math. \n\nGo back to school junior",Physics
0x8be,"There it the gauge symmetry but the curve between the gluons can and does depend on whether they have the same charge, just as the force between two particles of equal electric charge is repulsive while that between opposite charges is attractive. Color here is more analogous to electric charge than spin; gluons and photons are both spin 1/2. Unlike electric charges, there are no asymptotic states with nonzero color charges, a phenomenon known as confinement.",Physics
0x2296,"I don't care about price, I care about energy: someone somewhere obtained a certain amount of energy and emitted that CO2 and now we're spending energy to collect and convert those CO2 molecules. This adds to the energy input the entropy reduction to reverse the reaction, an efficiency of about 60% at best, citation pending, how does carbon capture help? Whatever we burn now, we're just pushing energy expenditure into the future and paying an extra 40% for it. Our efforts are best spent making sure the fuel never gets burnt in first place. At best, we'd carbon capture with surplus power (I'd rather store it) to recover a small amount of CO2 emitted by countries like Russia that don't care about climate change.",Physics
0x2b9,"Is chemistry hard in uni. Ive read somewhere that its the hardest degree. But ive really been enjoying  chem in high school right now, and want to do something involving science after high school.",Non-physics
0x141a,"I dnt know about Interaction, but the idea of the symmetry is that it doesn’t matter what colour a quark is. Think of it like electron spin only with 3 instead of two.",Physics
0x26e3,"For someone who is ambiguous on the subject or thinks that COVID-19 originated in a lab, I recommend a recent paper titled ""The origins of SARS-CoV-2: A critical review"" in *Cell*. I think the case is sufficiently compelling to say that the origins was natural.",Non-physics
0x1f66,And as TOF (turn over frequency) alone can be misleading the TON (turn over number) ;)\n\nEdit: but they are closely related through the factor of time :),Non-physics
0xbb2,People still got cancer before we knew about radiation it was causing harm but we didn’t know about radiation so didn’t know what was causing it.,Physics
0x1770,Just mineral buildup. Though I’m not sure which minerals. I’m guessing you have hard water where you live.\n\nGrab a new one for a couple dollars and swap it out. Might need to grab one of those course metal scouring pads (not the fine Brillo pads) and clean the surrounding area where it plugs up to make sure there’s no leaking,Non-physics
0xc68,>Does a weak acid Ka = 4* 10^-7 mean 1N of this acid can only dissociate 0.00063245553(squareroot of 4*10^-7) of H+?\n\n1N of the acid *dissolved in pure water in standard conditions* will dissociate *to* 0.00063... *moles* of H+ *at equilibrium*.\n\nWording is pretty important.,Non-physics
0x159b,I'm currently taking a computer engineering course and I'm having trouble with my chemistry subjects and I don't know what basic topics I need to review to understand this more complex one can anyone recommend where should I start I've been slacking since I was in highschool so something that covers the fundamentals and principles would really help.,Non-physics
0x56b,"Mr. P is pretty great - his videos are a bit more advanced than mine.  I like to start from a more intro-physics level.\n\nIf you want to get started, I have a playlist that begins from the beginning.  You might find this useful.\n\n[https://youtube.com/playlist?list=PLWFlMBumSLSaqgYlK2wD7XSPRQ2p-\_Tl4](https://youtube.com/playlist?list=PLWFlMBumSLSaqgYlK2wD7XSPRQ2p-_Tl4)\n\n&#x200B;\n\nI'm still adding to it.",Physics
0x205,Yeah I have to investigate. Many have suggested that it could be Pectinatus which typically appears at the packaging stage. I did test my wort and yeast and those were clean. I suspect the contamination must have happened during packaging.,Non-physics
0x1c6f,He is honestly.. correct. I have an answer to why they were stopped in phase three. But it may trigger a cascade of drama in here.\n\nThere are non mrna vaccines out there. So it sounds like one of those might be a better option for him. However they have more acute side effects.,Non-physics
0x1149,"If you stop a wave, where's the wave? And what does it mean to be stopped? Least amount of energy? So lowest frequency = largest wavelength. You'd ""stop"" it by spreading it out infinitely. The lowest energy wave you could have would be one with a period that extends from one side of the universe to the other. The ""particle"" would exist everywhere but have as close to zero energy as you could get. (Hey, be everywhere and do nothing... like everybody's gods!)",Physics
0x8c6,"He also explains later why that doesn't work (in [another video](https://www.youtube.com/watch?v=SDtAh9IwG-I)). Basically temporal coherence is a bitch and overlooked easily, you attenuate the wave instead of shooting wave packets. Making true single photons is difficult, you need either SPDC or a clever quantum dot system. We actually still suck at making single photons (though progress is being rapidly made!).",Physics
0xca6,That sounds amazing! And sorry I should’ve explained what I meant by “impactful.” A better way to say it should have been something that would potentially be useful for me in the future whether it be looking good for a job or useful knowledge in general. I would love to hear more about it!,Physics
0x14aa,"Stability of the iron - cyanato coordination bond comes from the fact that pi back-bonding interactions occur between them, strengthening the bond. There is an increased electron density between the ligand and coordination center when this occurs. \n\nCO can pi back bond with iron as well which partially explains the strength of the CO- haem interaction over O2-haem interaction",Non-physics
0xf6f,This is a tardigrade I found on a moss after 5 tries! For anyone wondering; I captured this footage using an optical microscope at 40x magnification. They turned out to be much bigger than I expected.,Non-physics
0x112c,"I takes some time to get used to everything and it’s always tricky at first. \n\nI think the thing that helped me the most when starting was finding sanity checks that works for me:\n\nHow would the answer change for extreme cases? For example, if some parameter is very large or very small? Does it make sense?\n\nOr do the dimensions check out?\n\nTo me, that started to make everything click.",Physics
0x2558,"No, the magnets don't have a long-distance effect. For starters, the LHC magnets [are not actually especially powerful](https://en.wikipedia.org/wiki/Tesla_%28unit%29#Examples) compared to other machines such as MRIs. And while the Earth's field is weaker at any given point, it's much, much larger, so even relatively powerful magnetic fields become imperceptible after a few tens of meters. The diameter of the Earth's outer core (where it generates its magnetic field) is 7000km, while the LHC's beam pipes are only 40cm wide at most. And magnets are dipoles, so their field falloff tends towards being inverse cubed, so they get harder and harder to detect once you move away from the source.",Physics
0x3a7,"So my professor in my ""physics of medical imaging for engineers"" class has given us the option for extra credit if we do our own research and describe the underlying quantum mechanics behind the various stages of MRI imaging and contrast them with the more classical explanations we have been given in class. \n\nI am an engineer, not a physicist, but I figured I'd give it a shot after reading some textbooks and other physics resources online. \n\nAfter looking around for a while this is the explanation I've come up with so far. I have a feeling it's not really correct (or phrased correctly), but I would really like to know if I'm on the right track. Because I have no other way of getting this checked. I'm probably going to just not do the extra credit if my explanation is really wrong. \n\nThe last paragraph is just over the signal processing so you don't need to read that if you don't want. In theory I'm supposed to understand that well already lol.",Physics
0x19c2,"There could be multiple sources I would say. Firstly, there could be simply some salt (NaCl) in either product. Also, common tap water contains a small amount of chloride ions too. \n\nBut most likely it comes from the hypochlorite as you said. The reason of the bleaching (or oxidizing) properties of bleach is that hypochlorite forms a small bit of hypochloric acid in water which is a very strong oxidizing agent. \n\nOCl⁻ + H₂O ⇆ HOCl + OH⁻\n\nIf there is now something that can be oxidized in the toilet (which there definitely is) then HOCl is reduced to chloride \n\nHOCl + H⁺ + 2e⁻ ⇆ Cl⁻ + H₂O",Non-physics
0xfdf,"The Fisher scientific MSDS for aluminum oxide says the LD50 is 10 g per kg. So even a small person would have to eat a pound of it to die from it.\n\nThe ""chronic toxicity in acidic solution"" stuff is about environmental impact. So if you're a snail darter downstream of an Alcoa plant, you should probably call your congressman.\n\nThe safety sheet for aluminum citrate, which is what you might get if you put juice in your water bottle, doesn't give a toxicity level, but also vagues thusly:\n\n""Ingestion - May cause damage to organs through prolonged or repeated exposure. -Nervous system"" and then, ""To the best of our knowledge, the chemical, physical, and toxicological properties have not been thoroughly investigated.""\n\nBut if OP were to wash his blooming bottle with lime juice, then rinse it well, this question would likely be mooted.",Non-physics
0xb7b,"I kinda wonder why you did Goldstein semesters before and have to go back to Taylor this semester... But if you want some post-Goldstein books, a popular choice is Arnold's Mathematical Method of Classical Mechanics.",Physics
0x420,"If you try to think about this as if it is a real event I think you will find it easier to find the correct shape.\n\nThe answer is c.\nThe reason for this is to do with horizontal wind resistance (which is the same as if the helicopter were stationary and a constant wind were blowing from the side). The rope is pulled down by its own weight, but is trying to be blown horizontal by the air resistance. At the top of the rope, there is more weight from the rope below pulling down, so the air resistance is less able to blow it sideways and the rope hangs straight-er down. Nearer the bottom there is less weight pulling down on the rope, so the air resistance can blow the rope horizontally more easily.",Physics
0x1b11,"So you think that slowly pulling 1-2CCs into a syringe from the top of a tall jar full of water generates enough flow to make the tube rise in a linear fashion from the very bottom and then stay put at the top for a few seconds until they release it back? Ok, got it.",Physics
0x95a,Natural immunity doesn’t protect from everything. We still take some vaccines from too serious sicknesses. Besides covid is all new creature by itself. Besides this whole covid immunity is not clear as even after person got sick and recovered he doesn’t develop 100% antibodies to it like with most of other sickness.,Non-physics
0x231d,"I have a theory that all the posts asking about virtual particles are actually the same post about virtual particles moving forward and backwards in time and ""living different lives""",Physics
0x568,"The vaccine mRNA particles won’t have traveled to your baby via breast milk. In fact, the mRNA didn’t even circulate through your wife’s whole body. It remained localized to her arm and maybe the nearby lymph nodes. So no, your baby did not “effectively get vaxxed by proxy.” However, your wife’s immune system kicked in and caused her side effects largely via effector molecules called cytokines. Cytokines drive inflammation and immune system responses. These can pass via breast milk to your baby and induce the same inflammatory reactions in your child’s body.\n\nEdit: I see a lot of people are also talking about passing antibodies via breast milk. This can occur, but only IgA antibodies. IgA is secreted in our mucosal surfaces to neutralize incoming pathogens in our mouths, lungs, GI tract, etc. However, vaccines predominantly cause an IgM and IgG response. So your baby may get some antibodies from your wife, but not as many types or as much as your baby would get from being vaccinated herself.",Non-physics
0x1cd7,"She's a contrarian who wants to tear down anything she sees as being hyped. In this particular case, she's totally right to do so. Honestly, the amount of bullshit surrounding the delayed choice quantum eraser makes it a clear case for Sabine's particular style being warranted and perhaps even necessary.\n\nShe gets hate because there are other instances where her contrarian nature runs totally contrary to what the experts say -- and what we have pretty good reason to believe. Her hot takes often foster misunderstanding, and you can sometimes see her acolytes calling bullshit on, say string theory or dark matter, when they clearly haven't taken the time to understand *why* people believe in these things. (Also, there are accusations that she is intentionally divisive to increase her popular appeal and sell more books, which is probably partially true.)",Physics
0x21c5,"typically bike handlebar rotation axis is not vertical but tilted a bit toward the cyclist, so the extra weight on the left handle bar will turn the front wheel left, making you tilt left (but less so than in a normal turn, assuming you keep control and dont fall). However, if the handlebar rotation axis were vertical, so that the extra weight does not turn the wheel, you would tilt right while travelling straight to keep your center of mass lined up with the wheels.",Physics
0xd80,">  but at scale up the exotherm doesn't stop when you stop feeding. \n\nIt also doesn't register immediately, and coasts well after you've turned off the valve. Each reactor has it's own personality - it's just time running it and you learn how long it coasts in temp and can account for it. It's a very alchemical thing, it's not an exact science, running a large reactor. It's a bit black magic where a chemist learns *that* reactor.",Non-physics
0xf9f,Yes she's OK now. I don't know whether there are any doctors or pharmacists here. But when this accident happened to my sister the doctor prescribed prednisone (a corticosteroid so it made perfect sense in the situation) but she also prescribed Augmentin (Amoxicillin / Clavulinic acid - an antibiotic) which made no sense at all. Maybe somebody can explain why an antibiotic was also prescribed.,Non-physics
0x2511,"There are a few limitations. You need enough fuel for the reactor just to start. Then you need the right neutron spectrum and you also need intermediates in the reaction chain to be long-lived enough to actually undergo the next neutron capture event. This gets progressively harder and harder, with lower neutron capture cross-sections and shorter half lives as you go up in Z.\n\nThis adds up to meaning that we're at the rough limit for now. Eventually it might be possible to push it using a Np or Pu fueled reactor but that's far in the future. As it stands the chemistry of the available actinides are still vastly under explored. Even Np and Pu are still poorly understood and Am organometallic have only been reported once.",Non-physics
0x19c3,"I don’t really feel comfortable explaining, but the short answer is that I’m far above the grade I’m supposed to be in, well, I guess I’m still bad at math though.",Non-physics
0x24e1,"Reaction rate goes brrrrrr\n\nAlso some catalysts need replenishing as they can get removed with the product, a better catalyst could easily be separated and reused.\n(This is correct to my knowledge but could be wrong)",Non-physics
0x14c1,"They've got a separate metric for it called emotional intelligence.\n\nWhile more intelligent people are often less selfless they can still display more actions that appear empathetic or kind because they are capable of a risk:reward consideration for their actions and choose the one that benefits them the most, which is to say they will usually choose to help others to improve their immediate environment.\n\n[LINK](https://link.springer.com/content/pdf/10.3758/BF03210581.pdf) Outlines correlation between intelligence and kindness.\n\n[LINK 2](https://eclass.hmu.gr/modules/document/file.php/IP-ERLSF116/Mayer-Salovey.1993-libre.pdf) Defines Emotional Intelligence well\n\nI wanted to find another study about cases of people being intelligent but not empathetic but I may have just been describing outliers.  I'll keep looking and maybe come back later to update this comment.",Non-physics
0x2094,"Surely there are better, more accurate examples to be used though ? Rather than using the cat theory, there must be a better way to explain the basics of quantum theory without stating things that are outright false",Physics
0xdb0,"In this case it looks like most of the data was just some straightforward 4 probe transport measurements. Probably wouldn't be too hard to work through. The resistance versus T would be trivial to analyze\n\n\nThe data should be released, especially considering that the author can't reproduce it",Physics
0x10ee,"""Intensity"" refers to the number of protons in the beams, rather than the energy. Each beam only had 3 ""bunches"" (about 10^11 protons per bunch) in these test collisions, whereas it can be up to around 2500.",Physics
0x37c,"Termite s, according to google image search. If you feel the need to validate that: play heavy metal on full blast for about a week, they work faster listening to it.",Non-physics
0x176f,"Largely clickbait.\n\nThey compared two decays involving muons with analog decays involving electrons. Theory predicts both to be equally likely because muons are basically heavier electrons and the mass difference doesn't matter here. They saw some asymmetry, but the measurement has a large uncertainty because the decays are rare in general.\n\nImagine flipping a coin 9 times. If you get 0 to 2 or 7 to 9 times ""heads"", would you conclude this coin is biased? The chance to get such an extreme result with a fair coin is 18%. That's like the measurement result here. It is pointing in the same direction as previous measurements (""we flipped other coins and saw similarly or even more surprising results""), but a 1 in 5 chance is really nothing big.",Physics
0xa8c,"For sure, he makes awesome videos and im sure not gonna sit here complaining that the guy got a helicopter to do the test instead of a drone! The guy does super awesome things!",Physics
0x135a,"For future reference, people politely directing you towards self improvement, and not spoonfeeding you, is going to be common if you wish to pursue physics beyond undergraduate studies. It's not rudeness, it's supposed to make you more independent.\n\nMoreover, on reddit in general, it's best to read subreddit rules before posting. Thanks.",Physics
0x1862,"I see what you’re saying, but in the case of this assignment he does want the mathematical basis for describing the physical phenomena that are part of MRI. I know the math is just something that describes things that we observe in reality. \n\nThere seems to be pretty rigorous explanations of the quantum mechanics behind MRI and magnetic resonance generally, but most of it is above my head at this point (at least without someone else to explain it to me).",Physics
0x14a7,I'm not going to give you a sOuRcE on chronic toxicity of aluminium ions just like I wouldn't give you one on chronic toxicity of manganese.,Non-physics
0x88,"I was trying to be nice to you and explain things so you could understand or develop a better sense of what's going on with COVID however, I can see that your *far superior intellect* 🙄 has lead you to have a rectal-cranial insertion issue and that no matter what I explain to you, there's just NO WAY that you're going to grasp the concept. You should probably find someone that can help you with that problem. I would suggest a proctologist... but they can be a little pricey. But really, that's OK that you don't understand. I shouldn't expect someone who wants/attempts to beat others down or even belittle others in some form or fashion in order to build themselves up to feel superior... like you're attempting to do... to grasp any concept at all, let alone understand things in the first place. I find persons, such as yourself, to be of little intellect and maturity and I firmly believe that their actions/comments, such as yours, are a direct reflection of their own parents and upbringing. I'm sure you have no idea what interventional cardiology is about or what a cardiac cath lab is and that's fine too, so in the interest of time, I'll just end things here. Have a nice day! 😃",Non-physics
0x8e0,I've been told in Russia they feed it to reindeer and then drink the reindeer piss to get the effects. Not sure if this is just an urban legend or not.,Non-physics
0xde3,"You know how Weed, Coffee and a lil bit of Alcohol is called? \n\nThe Tri-Force\n\nIm on the Tri-Force right now, Space and Time are bending around me. I read the title long after making the comment. And I never thought those two things happened in that order. \n\nI saw what happens tomorrow, and its me seeing what happened yesterday.",Physics
0x11f6,"The above is one person's (not particularly well-informed) take – don't take it as gospel.\n\n> I think the world record for it is a few microseconds.\n\nIf you are talking about world records, Schäfer et al. (2017) demonstrated 480 ns (although with rather poor fidelity; 1.6 µs for a 99.8%-fidelity Bell state).\n\nWhile it might indeed be easier to push entanglement gate durations to the low-nanosecond regime in solid-state qubit platforms, note that ions still have a favourable position in terms of both absolute gate errors and gate time to coherence time ratios. Thus, it is not at all obvious that the overall performance of a fault-tolerant, error-corrected system on the logical layer should be much lower for ions, as the error-correction overhead will likely be considerably lower.",Physics
0x19fb,The proposals I have seen discussing this consider clocks a few million km apart (in space naturally). They would be sensitive to gravitational waves of longer wavelengths compared to LIGO.,Physics
0x2161,"Yeah, good to know. We had a crazy infestation of army worms here in the midsouth about two months ago. They ravaged the grass. I’m happy to have what free help I can get against future pests.",Non-physics
0x2d7,"Wheel bug I think. Only reason I know this is because once I was just sitting in my church's restroom, looked down at my arm, and one was just there. Took him outside lol but needless to say both me and the bug were very confused",Non-physics
0x29,"So I live in northern BC Canada. Was working in Fort st James in the bush, buddy found 2 of these and picked them, put them in a plastic strainer and placed it on a door handle above the furnace for like 4 months. They were dry as fuck. We got exxxxxtra drunk one night (like beers led to liquor which led to 19% cooking sherry drunk) and decided they now was the time to smoke some of this. We crushed it up in a weed grinder and smoked it in a glass pipe and to this day were both split on the results: he says nothing really happened in terms of getting stoned or anything, but he had awesome mental clarity and knew exactly why everything was for a few weeks.\n\nI coughed and coughed and coughed and fucking coughed and each time I was hacking up a lung and a half of nasty butter (I worked in construction on a really shitty job site with bad air, my buddy was an environmental guy and worked outside in the bush) and afterwards I had to analyze what I just coughed up: looked like dirt, flakes of metal maybe, awful looking black shit, more phlegm than ever. I had just purged my lungs, breathing was awesome. I was, and am convinced that smoking this cleansed my lungs.\n\nThis was like 5 years ago, had no nasty side effects beyond a wicked hangover that I had attributed to drinking 19% cooking Sherri.",Non-physics
0x14,"Professor Walter Lewin from MIT has uploaded his entire lecture series on mechanics entitled 8.01 Mechanics on YouTube. He explains the concepts beautifully accompanied by wonderful demonstrations and experiments. You'll never forget it once you've heard it. I suggest checking out the relevant lectures, I'm sure you'll enjoy them. Here's the link [Classical Mechanics 8.01 - Professor Walter Lewin](https://youtube.com/playlist?list=PLyeiC4LeM1qZqho1fMYB6v4CQeWCq041h)",Physics
0x11fc,"Yea, kind of. The assumption, that a strong acid dissociates to 100% is just a very good simplification.\n\nIt is a normal equilibrium constant. In most cases argued via the mass action law (instead of gibbs energy). I'm sure your teacher told you about this already.\n\nSo just right the mass action law for you acid-solvent-reaction als solve for [H^(+)].",Non-physics
0x8dc,"    AMINO ACID TRANSPORTERS\n    SYSTEM            AMINO ACID TRANSPORTED    TISSUE LOCATION          pH DEPENDENCE\n    Sodium dependent\n    A                 Most neutrals (Ala, Ser)  Ubiquitous               Yes\n    ASC               Most neutrals             Ubiquitous               No\n    B                 Most neutrals             Intestinal brush border  Yes\n    N                 Gln, Asn, His             Hepatocytes              Yes\n    Nm                Gln, Asn                  Muscle                   No\n    Gly               Gly, sarcosine            Ubiquitous\n    XAG-              Glu, Asp                  Ubiquitous\n    Sodium independent\n    L                 Leu, Ile, Val, Met,       Ubiquitous               Yes\n                      Phe, Tyr, Trp, Hi\n    T                 Trp, Phe, Tyr             Red blood cells,         No\n                                                hepatocytes\n    y                 Arg, Lys, Orn             Ubiquitous               No\n    asc               Ala, Ser, Cys, Thr        Ubiquitous               Yes",Non-physics
0x19d,"I'm not a doctor. I do understand that currently, when a cis male's T is borderline to moderately low, they will first try other options to raise it rather than hormone therapy (e.g. exercise, weight loss, improving sleep). If that doesn't raise it enough, they then weigh the individual's symptoms (erectile dysfunction, etc.) and relevant risks (e,g. risks for heart disease and stroke) before deciding on the more dangerous option of T therapy.",Non-physics
0x228,"It's just the way that it gets named, I should have probably put methyl ethyl propyl and butyl for the mepb section sorry the reason the ane is there for the base chain is because it's an alkane and only has single bonds",Non-physics
0xcbd,"The frictional force depends on the coefficient of friction between the wall and tire, also on the normal force. The bigger the Norma force the bigger the friction force. Now, when you drive faster, the normal force increases, and in turn increases the friction.",Physics
0x880,"I think the energy comes from the sonicating bath? It mentioned a triboelectric reaction.\nI'm wondering if the Ga nanoparticles or Ga/Ag nano rods are hard to dispose of... or if they ""poison"" all that useful carbon.",Physics
0x138d,My stats come directly from the CDC website ironically the same agency making all you people so scared. My age group according to the CDC I have a 99.98% chance of living if I’m infected (without being vaccinated I should add),Non-physics
0x139b,"In Quantum Chromodynamics there is a concept known as Charge-Parity Symmetry.\n\nYou may have heard of an antiparticle?\n\nExperiments show that the laws of physics are the exact same for an electron moving forwards as an antielectron moving backwards.\n\nThe thing is, there's no reason for this observed symmetry based on anything we know. To explain this apparent CP symmetry, we invented a new particle axion.\n\nThis is a similar reason to why the Higgs particle was added. Something needed to do something to match our model with what we observe. We later discovered the particle and it turns out our model still works pretty well.",Physics
0x2349,"Isn't it 'Son of Spec-20'? Trouble is, there were many changes from generation to generation. \n\nJust try googling on the maker and model number, eg, 'manual for Bausch and Lomb Spec 20'.",Non-physics
0x3a4,Static & Dynamics are the 1st year modules for every physics Bachelor I’ve ever heard of. Good place to start for sure - it’s pretty universal,Physics
0x196b,"MOND has a problem for pretty much any galaxy cluster, there is a mass deficit. The higher the mass the larger the discrepancy, El Gordo is just the largest. But you can still wave your hands and say some baryons have been missed, or there is some second order effect. The Bullet Cluster presents a different problem. There most of the baryonic matter has been stripped out of the cluster centres, but the lensing is still centred on the cluster cores.",Physics
0x92b,I was going to say that it may be dying. They live sometimes a few years as a nymph but only as much as a few months as an adult. Also this could be a “teneral” which is a newly matured adult that is waiting for its wings to dry out and to become strong enough to actually fly anywhere or do anything much.,Non-physics
0xdd3,"I'm really enjoying physics at school, and I'm planning on continuing it after 18, I would like to go to university to study physics, particularly astro physics or quantum (theoretical) physics, yet I have no idea about what I want to be when I grow up.\nOdd question, any places in the UK which are great university's to study physics, and also what sort of open days or work experiences are great to check out while I'm in school.",Physics
0x14f1,In the beginning you start with just mixing some harmless stuff together to see what happens. After a while you start to develop some knowledge on some reactions and start learning from it.,Non-physics
0x1163,Probably worth mentioning that several government agencies have research programs investigating counter-IED's.  The Joint IED Defeat Organization (JIEDDO) spends over 4 billion dollars a year in funding research.\n\nEven things like soil chemistry or construction materials can change the properties of an IED.\n\nHomemade explosives are the number 1 killer of American troops...  That gets funding attention.,Non-physics
0x12fc,"I certainly understand that policy for just pasting a photo off the web. In this case I spent an hour carving the pumpkin, so would love to see this re-enabled if possible.",Physics
0xce1,"The fact that the weak force couples only with left-handed neutrinos is not at odds with the rest of the SM. The weak force only couples with left handed particles in general, even with quarks and electrons",Physics
0x108e,"There has to be a better way to publish papers, that are funded by governement and hence the public, than through Nature. \n\nI find it ridiculous and insulting that we have to pay to read papers for publically funded research.\n\nThere was a time when academic publications provided efficiencies. Today though them it’s a dated and stupid way to disseminate academic papers.",Physics
0x98d,"That's a reasonable question.\n\nBeauty is a big part of what drew me to study physics in the first place, and I want to believe that at the fundamental level our universe isn't just a big hack, which is what MOND appears to be.\n\nMaybe it's on the right track, and I believe some of the MOND researchers are doing good, interesting work, but for whatever reason the very idea of it gives me such a negative visceral reaction that I try not to think about it often.\n\nAnd point taken with regards to over-emphasis of aesthetics in the development of physics theories. I work with former string theorists, and they would agree with you.",Physics
0x1401,"This person needs to be banned. They've been clogging up the sub with stupid questions (can humans photosynthesize, how many shots of bleach can you drink, etc.)",Non-physics
0x7b5,"I wouldn’t think that the speed at which you eat would change the gastric emptying time. Different types of food however, do pass through the gut at a different rate. Different medicines will speed up or reduce gastric emptying time.",Non-physics
0xcca,"There is a good snippet on hyperphysics on radiated power ([link](hyperphysics.phy-astr.gsu.edu/hbase/quantum/radfrac.html)). That is a good place to start. It is dependent on the surface area, so the geometry of the object will matter. Time for some calculus…",Physics
0x1b5c,"They are phase 4 mostly right? \n\nUghh… its goes deep into some Zika Vax history, and the trials for mrna vac use in cancer that got stopped. And i seriously lost my links. I had articles from 2017, when i was curious about the Brazil microcephaly outbreak. Found some really interesting stuff that was including different vaccines types and styles and development. Last summer i was like.. oh wow mrna they figured it out!! But no the research had been stopped and they just started it again for covid. So i went to pull all my links and they are allll dead. All the articles and papers… gone. Not on the internet anymore. But i remember a lot of the highlights. And i dont like conspiracies and understand not believing anything where i cant see the data.",Non-physics
0xea7,"Not sure if it meets your criterion of impactful, but I once had to do a simulation of the time evolution of a QM wave function, with tunneling. It was very interesting and difficult. There is a trick to make sure the time evolution operator remains unitary! Let me know if you want to know more about it.",Physics
0xc7d,>I didn’t say there was no way to detect it I said there’s no way for us to detect it. \n\nWhat's the difference though? If we can't measure something then for all intents and purposes it doesn't exist. \n\nIf you want to go beyond that you're getting into philosophy.\n\nJust because you can form a question with logic doesn't mean the answer is.,Physics
0x1b41,"Theoretical physics is like being stoned or drunk, but with no inebriation. Just like that all the time. Look at how aloof they are. Always somewhere else in their brain while simultaneously being here.",Physics
0x619,I’m talking about the second case.\nBut why is it ? \nIf we can do calculations in multi-dimensions why can’t we write a code in multi D?,Physics
0x59,"The water will flow out of the hole. After all, there's a bunch of water above that point exerting its weight downwards, so if the water has somewhere to go that it can lose potential energy, it will.",Physics
0x968,Grades aren't that big of a deal. I think you'll be competitive at most places short of the most elite schools. It will come down to fit. Programs that are more chemistry oriented may better appreciate your LCMS background.,Non-physics
0x1bc8,"So for the people who are lactose tolerant, your body doesn't really care. Your body wants nutrients and if you can digest and absorb it then it sounds biologically sound. Comparing tolerant people against intolerant people is comparing apples to oranges.",Non-physics
0x21df,"If it is calcium carbide he should look for an old lamp somewhere near where he found them. There are older lamp which worked with water spilling drop by drop on a carbide stone. I bet an antique dealer would pay well if still working.\nDon't try to operate it though, it could be dangerous",Non-physics
0xc34,"Not always but for certain fish typically yeah, eating truly fresh wild caught salmon runs the risk of picking up certain worms that freezing kills normally but there are very few parasites that are in marine fish that affect humans. Raw crustaceans on the other hand…",Non-physics
0x13,"I'm more than a little surprised no one mentioned the term [countersteering](https://en.m.wikipedia.org/wiki/Countersteering).  That wiki page is a lot clearer on the topic than what you've been getting so far, and even has a section specifically about countersteering via a shift in weight.",Physics
0x173f,">You can also check out ([https://doi.org/10.1021/acs.chemrev.6b00173](https://doi.org/10.1021/acs.chemrev.6b00173)) They even have a thermodynamics section toward the end.\n\nYes -- for the processes of adsorption.  I didn't notice anything about the means to get the gas mixture (= all the atmosphere) *to* the adsorbant, though.\n\n>This directly shows that your claim is incorrect.\n\nIt was a long article, and I didn't read it through; I tried to pay closer attention to the relevant sections though, and it doesn't seem to even address my point.  It's still only about the chemistry of the sorption processes; not about the problem of ""collecting"" the atmospherically distributed CO2.\n\n>My point was that the CO2 that gets captured may or may not be in an excited vibrational state when it gets captured.\n\nThat is completely irrelevant to anything I've said.  What I've said in this regard is that when you're trying to collect CO2, and investigate the thermodynamics of it, you actually have to account for the extra energy that the exhaust provides to the overall system by virtue of capturing energy from the Sun.  IOW, a warmer atmosphere -- thanks to the added CO2 -- only enhances the mixing process, and in doing so works against our goal of re-capturing the carbon.\n\n>Do you think that people who research carbon capture whether from coal/natural gas plants or from the atmosphere are just missing this very straightforward energy argument you’re making?\n\nNo, I don't think they're missing it -- and I see the fact that, f.e., the article you linked to doesn't even touch that problem as evidence that they're not.  The whole sequestration sector is ultimately about giving the masses at least a thread of hope such that we'd be more willing to give up on some of our conveniences *for the sake of the planet.*  It's a sort of last-resort psychological trick to try to *at least* stop the use of fossil fuels.\n\nAll of what I say should be taken in the context that we're *severely* pressed for time.  Forget 1.5C, or 2C temperature increases.  We're going to exceed 3C over the next century.  Our societies are barely holding together even now -- and it's not a problem *between* nations this time, we're breaking apart from the inside.\n\nStill reading your links and commentary.",Physics
0x302,"To make it easier to see that the center ring is indeed an 18 electron system, pretend the benzene rings don't exist and assign electron counts to the atoms and charges in the central main ring then add them. eg. C and N are 1 each [as long as the Nitrogen is not connected to more than 2 atoms in a ring system other than the outward pointing R groups eg. in quinozolium the Nitrogen counts as 2 electrons] and every excess electron in the negatively charged ring is 1 each. There are 6 Nitrogens, 2 extra electrons and 10 Carbons which sums to 6 + 2 + 10 = 18.\n\nAnother way is to again, erase the benzene rings and draw the center ring without them attached. You'll end up with 7 double bonds and 2 amine like Nitrogens in one of the resonance structures that you can draw. Each double bond counts as 2 electrons and each amine like Nitrogen also counts as 2 which results in a total count of 7 x 2 + 2 x 2 = 18.\n\nWhile the benzene rings do interact and share electron density with the central ring, for most purposes they can be treated as separate ring systems.",Non-physics
0xd1,"By the way, the bonding motif that you're referring to (something binding to the lone pair) does exist, and it's known as a [coordinate covalent bond](https://en.wikipedia.org/wiki/Coordinate_covalent_bond).",Non-physics
0xfc,"[Here's](https://www.susanrigetti.com/physics) a neat, if rather ambitious guide.\n\nBy the way, a lot of these textbooks are hella expensive, but you can find pdfs online if you root around a bit.\n\nThere are also a lot of free physics courses online -- lectures and whatnot, sometimes problems sheets too which is helpful for making sure you really understand something. [MIT Open Courseware](https://ocw.mit.edu/index.htm) is a pretty good resource for this.\n\nBut if you've been out of high school for a while, I'd start by boning up on basic calculus and linear algebra. [Khan Academy](https://www.khanacademy.org/) is pretty good for that.",Physics
0x2643,"Med school is pretty memorization-heavy also. There's also the possibility of not getting in, leaving you with having to get a career in biology or chemistry which will either be taking a job where you make $18 an hour doing repetitive lab work or going to grad school for 5-6 years so you can get a PhD and have a shot at having a salary comparable to a bachelors CS graduate. \n\nIt's pretty normal to enjoy something as a hobby and then sort of get tired of it as you start studying it all the time or having to do it for a living. Work and having to do something to survive every day whether you feel like it or not sucks, even if it's something you normally enjoy. You enjoy taking care of your grandfather, but would you feel the same way doing it with strangers every day, some that might not be pleasant towards you? \n\nGiving baths and administering medicine sounds more like a nursing thing, which would require a lot less schooling and there's definitely a demand for it, but that demand is because existing nurses are burning out.",Non-physics
0x1593,I read the paper. It comes from mechanical mixing. The silver rods and gallium rub so triboelectric effect. The first experiment was with sonication. But when they scaled up they just went to an overhead stirrer. They also claim no reduction in activity after a month of continuous running.,Physics
0x261c,"Thats part of the reason I asked, I am not sure how such a thing would work, but I have also heard that there is a variation of the Stirling cycle (Malone cycle) that uses only liquid water. I also know that an incompressible liquid will accelerate when moving through a narrowing tube which is why I thought such a thing may work in an MHD converter. I'm not sure of the effect of temperature on it though.",Physics
0x1ac,"That's quite straightforward. If I'm in my car travelling at, say, 50 mph, then every single thing in the car is also travelling at 50 mph. If I pick up a ball in my car an throw it into the air, there is nothing stopping it from still travelling at 50 mph, and so it will keep travelling at 50 mph.",Physics
0x1210,"Yeah, flamescolipede is right. Just by virtue of the hormones being released that dictate whether gluconeogenesis or glycogenesis occur, and the energy that would be required for all of these conversions, it wouldn’t make sense for much glycogen to be produced from glucose derived from fat and protein. Perhaps a bit. But the pathways involved would be complicated and require a lot of energy for it to happen in bulk. \n\nIt would definitely be worth researching though. I by no means have a definitive answer to this.",Non-physics
0x24c0,"This is literally insane now, what do you even think I've lied about?\n\nAvogadro defined a word, IUPAC redefined it in accordance with our improved understanding of chemistry. It's literally the scientific method in action.\n\nYou've arbitrarily decided IUPAC gets it wrong and then say ""get over it"". Ok, provide evidence, theory, etc to suggest where the IUPAC definition gets it wrong.\n\nThe great thing about science is, you disagreeing means nothing without evidence, explanation, and your peers reviewing your statements. If what you say is true, it should hold up to interrogation, which it currently does not.",Non-physics
0x104a,"Note that we would denote yellow with a lowercase g in this case. Two alleles for the same trait are written with the same letter, which is usually pulled from a description of the dominant phenotype (""G"" comes from ""green""). So your possible genotypes are GG, Gg, and gg.",Non-physics
0xcf9,Can you explain why if this is the case for the COVID vaccine(s) then how/why has the vaccines we already have received held up so long?,Non-physics
0x1d67,"the man is trying to explore new ideas and started off with i’m not physicist or scientist, maybe try to point him in the right direction instead of shitting on him and his ideas.",Physics
0x14b8,This image is so vague the world probably forgot that hitler even died. \n\nSeveral questions:\n\nWho draws a voltage source like that?\n\nIs that two 3 volt batteries? Or just one?\n\nSeriously who???\n\nCurrent through which resistor?\n\nAre you safe? Do you need help running away from whoever made this question?\n\n\nOkay anyway. Current through R1 assuming its a single 3V battery is just 3/4A and R2 has 0A.,Physics
0x140f,"I mean, time-wise, compared to the innate complexity of the crystals. It only took me like 30 minutes total to get a really nice, large one, but I also just bought a kilo of raw bismuth for like $25 to start with.",Non-physics
0xa96,If there's a bit of moisture on the top then there could be surface tension helping keep the lid closed until sufficient pressure builds to lift it.,Physics
0x5d9,"Some do have nociceptors, but calling them ""pain receptors"" is a mistake, because pain is an emotion. They are mechanical damage / irritant receptors, and they can either prompt an unconscious reflex, or an emotional experience of suffering, or both - depending on the organism.\n\n[Here's a good discussion](https://askentomologists.com/2016/08/29/do-insects-feel-pain/), which makes me (also an entomologist) just a little bit unsure about what I've taken for granted for many years.\n\nAre they conscious and self-aware and thus capable of suffering? I continue to consider that unlikely. Ethics committees continue to agree and don't even bother to involve themselves in your typical entomologist's life. But sometimes I wonder...",Non-physics
0x15b1,"I think that's the missing piece: something other than weight that holds the lid in place. Surface tension seems promising, since the water may also contribute to a good seal.",Physics
0x1ecd,"let's call the time on the ship t' and the time on earth t. the conversion between the two times (the time dilation) is given by something called the ""Lorentz factor:""\n\n  \nt'= γt  \n  \nwhere this ""Lorentz factor"" γ = 1 / √1-β²  \n  \nβ is speed, but as a percentage of the speed of light   \n(so if you were going 100,000 m/s, β = 100,000/3×10\^8 = 3.33×10\^-4)  \n  \nThis looks super random, but trust me it makes sense. You can see from this why you have to be going super fast to get any time dilation: small β means the denominator is about 1, meaning the whole Lorentz factor is about 1. In the example above, the time on the ship t' would be about 1.000000056 times the time on the ground (so they are virtually identical) .  \n  \nThings start to pick up the fast you go though. If you were going at 99% the speed of light (β=.99), then you can plug into the equation above and find γ is about 7. You could see this from two perspectives: in the frame of the spaceship, the earth time is passing seven times as fast; or in the frame of the earth, the time on the spaceship is passing seven times as slow. \n\n&#x200B;\n\nSo in your example: if 2.5 million years have passed in the frame of the earth, then a person in a spaceship going at 99% the speed of light would perceive that time as being about 357,000 years instead.",Physics
0xd32,"I hard disagree. I got both physics and astronomy undergraduate degrees, and went back to work on  a computer/electrical engineering degree, and I can tell you that the amount of physics that engineers take is nothing compared to physics. Especially considering the physics topics you have to cover for astronomy are topics never covered by engineers. \n\nI’m case OP looks down here, an astronomy undergraduate degree is basically a specialized physics degree.\n\nEdit: I want to add on, that if OP wants to pursue instrumentation in astronomy, and engineering degree would help out a lot. Anything theoretical though would be better supported by a physics degree.",Physics
0xa6a,"Thanks. That's bad news for me, was hoping it was over 2. I'm just worried it's still penetrating for days/weeks at a time if she didn't flush it out fully. There are many reasons I don't trust the doctor's actions at this particular hospital, since they were first trying to make me wait an hour just to see a doctor (6 nurses in emergency room didn't even know how to respond).",Non-physics
0x5a0,"Don’t be embarrassed. How would you know? If you were a toxicologist and asked that question, then you should be embarrassed. You are in no danger. This is nowhere near enough exposure to cause you any problem. Wash the sheets to get rid of any residual odour. I’ve worked with chemicals like this for decades and understand enough to say ‘don’t worry and carry on with your life’.",Non-physics
0x169e,"The other comment provides a few of the physical explanations explaining the discrepancies, but the main idea is that bottle-type (this experiment) measures the neutron before they decay, and the beam-type experiments measure the products of the decay (proton and electron). If the only way for a neutron to decay was through this standard beta-decay channel, then surely these would agree. If however there's another mechanism for it to decay through, e.g. dark matter, then the two values would differ in the way that they actually do with bottle-types consistently measuring shorter half-lives.",Physics
0x2344,"so the object being moved is probably about the same density as water, that's why you only need a small amount of energy to move it. Keep in mind, as easy it is to move, its as easy to stop as well. So you're not really producing a lot of energy....",Physics
0x1884,Mind is blown but first I’d really need to observe the countersteering in effect from a first person POV! It does sound possible that the weight was causing a steer left leading to a right lean and true that if i didnt counterbalance that lean i’d go off to my right,Physics
0x20b0,"Yh I second this, not that op doesn't wash there hands but the fact they're touching somthing in the same spot multiple times a day means it's bound to pick up all sorts of bits",Non-physics
0x1711,"What happened before intelligent life evolved on our planet?  If an observer is needed for probability waves to collapse, was everything in a quantum state before we arrived?",Physics
0xcdb,"Honestly I knew that this wouldn't be true, but the main reason I asked it was to see what people with a better understanding would say to counteract it, to give me a better understanding of why it's not that and what makes it different to the other forces. This is a much better structured answer than the last guy haha, shows your intelligence and understanding in the field isn't just for your own ego.\n\nAnd yes there's definitely a lot out there, but the main theory I know of is with ""bulk"", that expands across the universe in some kinda of 4th/5th dimension and it's universal scale is the reason for Gravity's weakness, and that's one of the things they're trying to uncover with the LHC. But idk, on the surface without a deeper understanding it seems pretty far fetched, really makes me want to delve deeper into it to try and wrap my head around it.",Physics
0x1d0b,"Thank you, you are lovely! ❤️❤️❤️ I am going to give it a go and talk to the drycleaners. I'll update everyone when I get to try it!",Non-physics
0x10bc,"This study suggests that the answer to your question is no. Obese men produce more estrogen and less testosterone, but there was no evidence of feminization as a result. The study suggests the reason may be a lack of estrogen receptors in men. This is an old study, done in adult men though. I would imagine that the lower levels of testosterone in obese boys may be more of a concern for changes in puberty. https://pubmed.ncbi.nlm.nih.gov/429508/",Non-physics
0xb05,"Hijacking and extending this answer: I'd add that the total shadow is a convolution of the light sources and the towel.  You can learn about convolution integrals in various places (here's [Khan Academy's](https://www.khanacademy.org/math/differential-equations/laplace-transform/convolution-integral/v/introduction-to-the-convolution)), but you don't need to understand the math to build intuition.  \nThere's light from a few point sources (mirror is providing some doubling) and each of those is blocked by or has a clear path around the towel.  If, instead of a towel on a surface, you replace it with a single hole in the light blocking object, what you end up with is a [camera obscura](https://www.youtube.com/watch?v=hsXo4gD7iWI).  Another related phenomenon is the ""eclipse shadow"" (just do an image search). During an eclipse, the shadows look like little crescent shapes – in that case, you can't treat the light source as a single point, but have to acknowledge that it has a shape.",Physics
0xcd,"So the electron density of the aromatic ring can be pulled to the nitrogen atom, creating a negative charge there? \nAnd why isn't this the case for the protons at position 2?",Non-physics
0x26c5,"If you’re neglecting air resistance, then the horizontal component of the velocity will be the same throughout the duration of the balls flights. \n\nSo the velocity vector right before striking the ground still has the horizontal component in it, so the vector won’t be pointed completely down.",Physics
0xa41,"From what I gather, they are both PFOS.  The sulfonate group is the conjugate base to the sulfonic acid group on the fluoronated chain.  All of the C-F bonds offset the impact of the polarity of the acid/base end.",Non-physics
0x505,"It depends on what you mean by impactful, but one thing you could try is particle tracking since it’s related to particle physics, although perhaps it’s more ML than what you were looking for. https://www.kaggle.com/c/trackml-particle-identification",Physics
0x1d3e,"MeV per nucleon. So a 15 MeV/u proton beam is 15 MeV, but a beam of 15 MeV/u He-4 would have a total energy of 60 MeV.",Physics
0x743,"In my experience, I can divide all my students into:\n\nHated general chemistry, loved organic. \n\nLoved general chemistry, hated organic. \n\nAnd those that liked them both. \n\nGeneral chemistry is (most places) heavily reliant on quantitative skills. Organic chemistry is heavily reliant on non-linear solutions and spatial reasoning. So while some students like and do well in both, most chem students lean one way or the other.",Non-physics
0xb95,Good luck recovering from the profound sense of humiliation you’re gonna feel when you finally realize what everyone here has been trying to explain to you.,Physics
0x115f,None of this makes any sense. Here are a few of the most obvious problems:\n\nWe have a firm understanding of the nature of anti-matter and how it interacts. We know that dark matter does not interact that way as there would be a huge number of 511 keV x-rays which are not seen. We also know that the dark matter self-interaction is not too large which is inconsistent with known dark matter properties. We also know that dark matter is largely invisible (does not interact with light) while anti-matter does interact with light exactly the same amount as regular matter.,Physics
0x25e,"I'm skeptical. A heavier lid would be needed to build pressure, while a lighter lid is needed to move a lot with the release of pressure. I feel like I am missing something here.",Physics
0x1b5f,"You are super misguided. Muscimol is a gabaergic substance that has psychoactive potential. Ibotenic acid is a brain lesioning neurotoxin that can be fully decarboxylated into muscimol via simple decarboxylation. Muscarine is a common toxin not found in amanita muscaria but is found in other amanitas such as the destroying angel. Also what are you even talking about? Euphoria and disphoria are the terms you are looking for, and even psychedelics do that. Also the implication that muscimol is a deadly toxin is far fetched. Show me all the muscimol deaths then.",Non-physics
0x10bf,"Fun biology fact:\n\nUnderstanding of homeostasis was essentially pioneered by a biologist who vivisected his own dogs. This basically means he dissected his dogs while they were still alive. He had to muzzle them because they tried to bite him during his work and his neighbors also complained of his dogs' loud screeching and whining.\n\nObviously the dogs died as a result, but without this work we would not have understood how homeostasis workers (well we probably would have eventually but it would've taken longer).",Non-physics
0x108c,"You'd need to also know the fl oz of the water, the square inch of the glass surface as well as the feet/min of any wind",Non-physics
0xe6f,"Hello, I'm kinda stressing out about choosing to major in chemistry or some biological science.  \nA little background:  \nI am currently a sophomore in college. I entered as a computer science major. I have done really well so far, currently having a 3.97 GPA. Over this past year, my Grandfather entered hospice care. I have been taking care of him at night and in the mornings. I help him go to the bathroom and make sure he is clean. I give him baths and help administer medicine. I guess I'm trying to say I enjoy taking care of him. I feel drawn to the healthcare field now and I no longer really love computer science. I used to code for fun(make apps/build websites) but haven't felt the urge or desire to attempt any new projects. Looking out 5/10 years from now I don't really see myself being happy with software development even if there is a lot of money to be made. I think I want to become a doctor. I have always had a heart for taking care of people and I think becoming a doctor would be incredibly rewarding.  \nAnyways, I decided to take gen chem and biology as electives alongside my CS courses this semester to see if I could major in one of them. I am doing well in both of them right now with A's. I enjoy both courses but was wondering which one would be a better fit for me. Biology seems to involve a lot more memorization but also looks at how larger systems work. This is somewhat similar to CS problem solving in that it breaks complex systems into smaller ones that are more easily manageable. My chem course has more problem solving and math. I'm not the biggest fan of memorizing info even though I am pretty good at it. I enjoy math and breaking a problem down into more logical steps. I would rather work on 20 calculus problems for a couple of hours than review notecards for a couple of hours. I was wondering at the higher levels which major would suit my learning style better.  \n   \nIf anyone could help me out I would appreciate It. I apologize for any grammar/writing errors. I have never been too good at writing. Thanks again.",Non-physics
0x1188,I'm learning qft at uni and were starting with phi cubed theory. Can any recommend any recourses that deals with phi cubed? I'm aware of shrednickis book (can't remember how to spell it) however all the other books I can find seem to start with phi^4 theory instead. I'd like to get a slightly different perspective on the scattering matrix and the Dyson series in phi cubed theory than the one that shreknicki gives. Video resources would be extra appreciated,Physics
0xe99,Have an upvote and an award because I can’t imagine a single reason why you’ve been downvoted for what appears to be a perfectly rational and compassionate suggestion.,Non-physics
0xc4b,"Absolutely. The cat is a faulty picture. If a cat was a quantum system it would be true, but things as big as cats just aren't quantum systems. The picture of the cat isn't wrong, it's baned on the assumption that a cat is a quantum system, it is a thought experiment - it was never meant to describe reality - and that's not mentioned in popular science outlets.",Physics
0x2630,Who decided Co2 levels were too high?   Historically we are living in a Co2 deficient period of history on this planet.  Co2 is a big part of a well enriched biodiverse ecosystem system which enriches and nourishes all plant life.  Co2 is not a pollutant it is an important element of life on this planet.,Physics
0x210,"In Alaska we’re taught from a young age that these are poisonous, but I think there’s a way to prepare them to neutralize the lethality of the toxins so you just get drug. But it’s easy to mess up. Like hitting the poison sac on a blowfish",Non-physics
0xd0e,"I can attest from personal experience it is impossible to ride with more than a small amount of weight. I'm sure many a child has figured out the hard way that letting go of the handlebars while an external force is acting on them (such as wind, a bag of groceries, or a dog leash) is an extremely bad idea. The precise effect depends on the bicycle geometry - the fork angle, wheel offset, handlebar width, handle bar offset from the axis of steering, the rider's weight and position. For example shorter handlebar offsets causes lateral loads to contribute more to leaning the bike, whereas longer offsets causes the load to produce more steer and offset the weight from the steering axis considerably. The tire's trail affects how the bike handles at a given steer and lean angle. Most of the time though, the slackened steering produces a reversed castor wheel effect, a bag of groceries on one side will mostly tend to just steer very severely that direction in an attempt to reach the local minima of the slanted steering axis. Depending on the exact geometry, skill, weight, etc it's possible to just no-hands around in a circle with a weight on one bar, where the steering force is counteracted by the centripetal normal force, as that weight is directly analogous to a rider applying the same load with their hands to enter a turn, however this represents a singular self-stable state. If the bag is swinging around dramatically from the unsteadiness it would produce, you now have this crazy double-pendulum chaotic system. The question gets more interesting when you add a dog leash to the equation, as the force can now act along angles that the bike was not designed to self-stabilize against. The leash can be pulling out of a turn while the bike is attempting to steer into it which can cause sudden inversions in the force vectors along an unexpected axis, leading to undesireable behavior such as the wheel suddenly being oversteered, or the bike leaning out of a turn while steering into it. One can easily experiment with this unusual dynamic system with just two bikes - by riding one and pushing another beside yourself by the handlebars, you can feel how changing the position of your hand on the bar changes how the driving, slowing, banking, and steering forces all get mixed up.",Physics
0x214e,"There are 4 effects at play here.\n\nNote, most times mixing a strong base and vinegar most times achieves nothing other than making fizzy water.\n\nFirst: a process called ""salting out"".  Add a pinch of ordinary table salt to acrylic paints and it will destabilize, separate and you get a clear layer of water on top of thick sludge.  Analogy is you have a stable positive magnet floating and then you toss a whole bunch of negative magnets to make it crash.  Most polymers are stable only at certain controlled ionic balances.  Some stains work by sticking really tightly to the surface of a material, almost like a magnet or velcro.  Stain()+ <---> (-)fibre.   Blood, some paints, protein and a few others.  Adding a whole bunch of salt overwhelms any ionic interactions and disrupts the intermolecular interactions bonds so you end up with stain.Cl and fibre.Na.  The stain material just falls off.\n\nSecond: Vinegar that has been neutralized or in the acetate form is very good at ""chelating"" calcium compounds.  Your acrylic paint probably contains about 20% calcite (chalk) as a filler.  By using the acetate ion you remove the calcite, which loosens all the paint.\n\nThird: pH effects.  The acrylic latex usually contains a lot of acid functional groups from acrylic acid polymers.  When you add ammonia it can make the polymer soften.  Tough to explain the chemical theory, but acrylic polymers change hardness (glass transition) by a lot depending if they are at high or low pH (ionic or neutral acid form).  As the ammonia evaporates your solution pH will also drop.  By swapping pH you are doing the chemical equivalent of pushing it backwards and forwards.\n\n&#x200B;\n\nForth: salt is a mild abrasive.  You effectively sand papered off the top layer of your clothing.  This is basis for the product Barkeepers Friend or Jiff.  Magic eraser would have the same effect.",Non-physics
0x1296,"""not influenced by internal or external stimuli"", how can anything do anything if it doesn't have a reason to?\n\nIf free will is being unfettered by things like instinct (internal stimuli) that drive me to eat when I'm hungry and avoid bodily harm (external stimuli perceived as ""danger""), then an actor with free will should be just as likely to step into traffic and die as not, with the randomness of a coin flip. I think your definition of free will is insufficient.\n\nIn AI and economics there is the concept of an agent with goals. A rational agent acts to achieve some goal (win the chess game, get the car to the destination) by choosing actions, or sequences of actions, based on their perceived utility towards achieving that goal. Things in the real world have a finite perception of the options they have and the consequences of their actions, and often even a limited conscious understanding of their own goals,  easily confusing the utility measured towards towards their final goals (??) with utility towards lesser goals instrumental towards final goals (reproduction, consuming calories in preparation for hard times, etc).\n\nMillions of years of evolution and a lifetime of social conditioning have been tweaking the way species and individuals perceive and weigh their options in different situations. I think the search for ""free will"" ultimately demands a distinction without a difference and uninteresting compared to studying biology, psychology, sociology, cultural anthropology, etc.\n\nThis is a very liberal arts degree take (as my psychology and sociology education ends at the 200 level in the New York state undergraduate system), but I like Lawrence Kohlberg's stages of moral development as a starting point for modeling and qualifying different types of actors.\n\nhttps://en.m.wikipedia.org/wiki/Lawrence_Kohlberg's_stages_of_moral_development\n\nHe distinguishes the person (often as stages of life from infancy to adulthood) who only makes choices to avoid negative stimuli (punishment, hunger), with a person who acts toward some perception of right and wrong, and from there distinguishes where they get their sense of right and wrong-- does their friend group or society dictate their morals or do they have their own moral system that they would listen to over the rules society provides.\n\nIt's very simplistic and self contradictory. Like Heath Ledger's Joker could be argued to be level 2 like a pleasure seeking child as well as he could be argued to be a transcendent level 6 with his own higher moral code. But I think it's a fun place to start.",Physics
0x1747,"The top post was removed before I saw it but mixing sodium hypochlorite (bleach) with any acid will release deadly chlorine. I don't want to sound like an AH but why is there this stupid and common misconception that mixing 2 chemicals, ANY 2 chemicals that both have some cleaning ability will produce a better product? My sister mixed bleach with hydrochloric acid. She ended up in hospital. Luckily she had ot inhaled to much chlorine and they put her on systemic corticosteroids to reduce the inflammation in her bronchial tubes and lungs.",Non-physics
0x1bd,As someone mentioned you can use the henderson-hasselbalch for a rough guide but usually it's not exact since it depends on some assumptions that may or may not apply in your system so adding the formic acid gradually is probably a good idea.,Non-physics
0x1ebf,"And that area is a triangle (assuming constant acceleration), and the area of a triangle is 1/2 base \* height. I know that's what you meant, but wanted to make it crystal clear.",Physics
0x1151,"I like this. IQ tests don't do a fair job of measuring mental plasticity or practical skill use; Rather, most of them test your basic abilities in school-based learning such as mathematics and (unrealistic) problem solving. The whole premise of IQ tests seems to be based off 'what the testee is lacking, rather than what's there.' If you were to do different IQ tests all over the internet for months, no doubt your scores would shoot up. However, you could learn inside institutions for years and your scores would be relatively unaffected. The longer a person is not subjected to bookwork, the more poorly they'll tend to do, as well.",Non-physics
0x676,"***Every*** rule in chemistry has tons of counter examples. Even things that are officially called ""forbidden"" are actually ""really unfavorable"" most of the time. I wouldn't stress out about the octet rule's exceptions.\n\nMy favorite exception is sulfur hexafluoride. It's like anti-helium for your voice and it totally disregards the octet rule.",Non-physics
0x8e3,"The measurements have an uncertainty. A larger height difference leads to a larger effect which is easier to notice.\n\nIf your watch is off by a minute per day you won't notice that after a day (unless you have a better clock for comparison), but you will certainly notice that after months because now your watch is off by a few hours.",Physics
0x1062,Deep ocean fertilization will do that without all the intervening steps. Create algae blooms that will take carbon directly from the water and sink to the bottom sequestering that carbon for a million years or so.,Physics
0x178c,"Ah I see.\n\nNo, we don't think that the extra kinetic energy is the difference. Beam experiments use cold neutrons, and bottle experiments use ultracold neutrons. Cold neutrons travel around 2200 m/s, or roughly 7e-6 c (c is the speed of light). Ultracold neutrons are much slower, so we can approximate them as stationary.\n\nAt 7e-6 c time dilation is a 2.5e-11 effect, which is **much** smaller than the 1e-2 effect that we are trying to understand. Anything other than time dilation wouldn't work as an explanation. If you boost yourself into the frame of motion of the cold neutron that neutron is now stationary, or ultracold (in our approximation). Any decay must be allowed in the boosted frame in order to be allowed in the lab frame.",Physics
0x1f87,"The time dependence formula would be a first order differential equation, something like:\n\ndT/dt = P/C - (T-T_o)/I\n\nwhere T is temperature, t is time, P is the power output of the heater, C is the heat capacity of the air in the room, T_o is the temperature outside, and I is a measure of the quality of insulation. The solution to this equation is an inverted exponential where the temperature increases approximately linearly at first and asymptotically levels off to a temperature T_o + IP/C",Physics
0xa8d,"Well that was only to simulate low gravity on a small scale, similar to what's in space. The vibrations would in turn cause heat because movement (obviously), similar to earth's core. This experiment was less to do with hydrogen and more to simulate the different speed of hydrogen moving between gas and liquid, of which the speed is something gravity influences quite substantially",Physics
0x2783,"Staring at it not figuring it out isnt going to help, I was just hoping someone could point out what to look at, dude. Like I said, i did all the other problems here and got them just fine. My midterm is friday and i want to do well.",Non-physics
0x24de,And unfortunately I did not pick this topic. If it was up to me I’d have a hundred other topics I’d start with before this one. But you gotta make do with what you got and here I am trying to find better articles on this topic,Non-physics
0x1377,Only a snowflake feels like aggression is possible through written or texted words bahaha.\n\nI'll get my pitbull to text you some aggression to make you know you are bahahahaha. \n\nI'm actually dying of laughter. 🤣,Non-physics
0xccf,"You can get well paid industry jobs from any field of Physics. Condensed matter physics does have a lot more job as it can lead straight into fabrication with tech companies.  This being said, knowledge in machine learning and dealing with big data sets is also a great skill which can open up a lot of job. For this potentially astro or particle physics. \n\nYou should choose something that you are interested in otherwise you may never finish your phd anyway.",Physics
0x272d,"This is hardly a robust physics question is it. ""A lip balm moved somewhere in the world - why? "" - have you tried asking NASA?",Physics
0xaa2,"The mayo clinic has excellent and accessible info on many health and medical topics\n\nhttps://www.mayoclinic.org/diseases-conditions/peripheral-neuropathy/symptoms-causes/syc-20352061\n\nIf you search for something with mayo clinic or you directly search the site, this is a good start.",Non-physics
0x73a,"Ok thank you,but it’s still true that a tv would seems a lot less bright at 10feet than a laptop at 1 for example because again the intensity of light hitting your retina is just way more right?",Physics
0x21fa,"If spacetime was 2d, maybe. But spacetime is 3d. You can think of it like a ball, it looks the same however you turn it, but instead of a ball its the sun bending spacetime, it doesn’t only bend it in a slope around it instead the sun bends all around itself",Physics
0x215,"I do see what you're saying, I went between flipping values or not a lot. It's the wording swapping between %concentration  and %dilution through the pages that has me questioning myself either way I do it. I know it doesn't help to wish for anything, but I wish that they had just chosen 1 term and stuck with it so it would have been crystal clear.",Non-physics
0x18e7,"you're correct. If an object with mass went faster than light, we would be unable to see it. But we have a lot of data on mass acceleration. It all uniformly follows a formula that never reaches the speed of light. No matter how fast you go, you feel still, unless someone else nearby is hitting you in atmosphere, or just as space debris. And observed from your original spot, you appear to follow a function that never allows you relatively to hit light speed.\n\nAnd two objects trying to go some (any) speed in opposite directions never appear to go faster than light for each other. Though from some theoretical observer, you can observe their distance is increasing faster than light. Their reference will never see it between them.",Physics
0x751,"So does driving faster increase the magnitude of the upward friction force (and if so, why?)? Trying to fully understand why friction can keep the car from falling but only if it's travelling fast enough.\n\nEdit: or does the cars applied force need a slight upward component to keep from falling, and this is why it does not fall at high enough speeds?",Physics
0x2,"Yeah, this is terrible advice.\n\nDon't work more than 40 hours per week (ie, like a normal 9-5 job) unless you're in the very small minority that doesn't care about work-life balance. Work smarter not harder, and just be efficient with your time when you're supposed to be working.",Non-physics
0x16ad,"The minimum speed at the top is when the weight provides the centripetal force. Any slower and the weight would apply compression towards the pivot point.\n\nAt the top of the path, the weight is vertically down and the tension will be 0 if the weight is providing the centripetal force, exactly.\n\nAt the bottom of the path, the weight is vertically down, and the tension will be the sum of the weight and the centripetal force required to maintain that circular path.",Physics
0x1bd6,I don’t get how this question caused so much disagreement. It’s just so obvious to me from a common sense perspective that the rope would behave the way it does,Physics
0x2723,"That's the idea, you shoot a bunch of standards and plot then on an X,Y grid, you draw regression line and use it to calculate the concentration in any unknown samples. You could analyze for 1 compound or if you had the standards dozens.",Non-physics
0x24a8,"If they have the same initial velocity then the KE of n is much larger than that of m. In addition, the PE of n is much larger than that of m.",Physics
0x1965,"Well I had a feeling the spider noticed a pattern and became afraid of my stare as she slowly, and anguishly moved a bit away towards a darker corner, but perhaps I was dilluted by my own human ideas. What changed my idea of consciousness was noticing that insects look like little engines. Being an insect probably takes as much intelligence as handling an engine, and the brain of the insect would be the driver or pilot.",Non-physics
0x20b,"> anti-matter is not shadowy; it interacts in essentially exactly the same way as regular matter.\n\nHow sure are you of that?\n\n> standard flavor-flipping (ugh, that sounds so stupid - why can't they call it oscillations?)\n\nIt's pretty clear that you're a neutrino physicist - you must have tried explaining this to people in real life. I get a lot further starting with ""flavour changing"" than starting with ""oscillation"". Although you need like 30 seconds to do ""flavour"" before even getting that far.\n\nI don't love this article at all, there's a lot that is misleading. But I don't think it's bad to go to leptogenesis even when talking about steriles - there's good reasons to think that if there's a 1eV^2 sterile, there will likely be heavier ones, and with a sufficiently heavy sterile and high enough CP-violation among the active neutrinos you actually can kinda get one of the Sakharov conditions out of the way.",Physics
0x374,"Nuclear weapons are actually relatively clean, fallout-wise.  The idea roughly being that building a good bomb involves reacting a lot of the fissile (radioactive) material.\n\nWhat's really a radiological disaster is something like an uncontrolled meltdown at a fission plant, a la Chernobyl.  At that point the explosions are coming from high pressure steam, not fission, and so you spread tons of radioactive materials and their even worse natural decay products instead of fissioning them to generate energy.",Non-physics
0x1430,I'm not a good person to ask bit I'm pretty sure three bands is correct. That's part of the weirdness right?\n\nEdit: The middle gets both waves so ends up with a higher probability like the slits I think but I have a very basic understanding of this.,Physics
0x1003,"Thanks, yeah, it's crazy sometimes. Got my private license when I was younger, built up my hours with my dad's helicopter, went to commercial flight school, eventually got my license, applied and applied and applied - finally got a large company to take a chance and have been building up my hours doing construction/inspection runs while studying for the ambulance/fire squad (same company)",Physics
0x2756,https://i.imgur.com/0SVxI58_d.webp?maxwidth=640&shape=thumb&fidelity=medium\n\nThis is the direct link to the image all the ground glass joints are visible. The only thing cut off on the image is the very last cm of a spout on the end.,Non-physics
0xc52,"As a lab tech at a school, I will have to disagree. \nFrom the standpoint of the department of eduaction outlines and as duty of care, risk assessments and alike. Anything that's has a GHS warning must be used with gloves. \n\nPersonally I don't always wear gloves. Howver students must to avoid injury and issue. We are liable for them. Even during covid gloves have been used to mitigate risk and allow kids to continue pracs with shared items. \n\nAlso as a ex industry lab tech that's just life in a lab. Testing foods, samples etc. It's gloves which are changed every sample. Basic good lab practice.\n\nI guess it depends how you were taught and what lines you've worked in and regulations in your schools and your country you're in.",Non-physics
0x147e,"Hm, looked at your other post.  I don't know much about cars, but it looks like flame exhaust kits usually work by briefly disabling ignition so that unburned fuel/air mixture comes out the exhaust.  Presumably the paste just adds the coloring element to the flame.  One thing to be aware of is that since copper is a less active metal than iron, nickel, etc. copper sulfate will corrode steel and other metal components.  So you probably do not want to apply it directly to any metal part of your car.",Non-physics
0x19ad,"Centrifugal force doesn't. A centrifugal force is a ficticious force that in the frame of reference of a spinning observer causes straight line motion to appear curved. It's called a force, but it's not a force at all, it it is called a force for some odd reason.",Physics
0x3c8,"""Viltrumites are dumb as hell""\nCouldn't agree more with that statement! It's hilarious that their solution to their myriad issues was to just beat the crap out of each other in a huge, civilization-spanning free-for-all brawl. Which of their problems was this supposed to solve? 😂 Imagine going to the U.N. and suggesting a grand melee to solve global issues. Maybe it didn't pan out that way in the comic, but the animated series just shows them start to tear each other apart like animals until they were left with a genetically-bottlenecked population. I think only MCU Thanos was equal in stupid problem-solving ideas.",Non-physics
0x149,This method isn’t reliable since the copper sulfate solution and isopropyl alcohol don’t mix so it only works when the water is hot and it needs stirring to keep it mixed. Boric acid should work better since it dissolves in isopropyl alcohol and somebody said that methanol would work better for a purer green,Non-physics
0x1b89,He is correct. I think the one electron universe was only ever a fun thought experiment.\n\nBasically time reversed antimatter is the same as normal matter moving forward in time. If there was only one electron then it would have to move backward in time once for every electron that exists simultaneously at any given moment (in the same way u would have to travel back in time to exist at the same time as a past self). If it moves backward in time it would be a positron. But there are more electrons then positrons so it couldn't have traveled back in time enough times to be every iteration.,Physics
0x2bf,"Actually that's what I'm trying to make, an old-fashioned megaphone, and while I'm at it, and adaptor for it to mount a bluetooth speaker. The mount for the speaker is easy but I'm having some doubts on my ideas for the megaphone cone. But if you say it'll work either way, I'll save myself the trouble and go with the straight sides. Thanks!",Physics
0xf61,"if you're going to create a 4D model to use in a VR game, you'd need to give it an X axis, a Y axis, and a Z axis, but  where would you put the 4th axis? In what direction does it extend? comprehending 4D isn't any easier for game designers",Physics
0x1a8e,"Yeah, it’s just a high school textbook question it’s not ridiculously in-depth. Just needed to know if the electrons from the splitting of water by PSII are need for all of PSI’s functions.",Non-physics
0x76,"That's awesome. Personally, I've never found physics to be very intuitive. With math, I'm not the best at it, but I practice my butt off and so far I'm doing well. In this situation where I lack so much background knowledge in both math and physics, it's difficult for me to know where to even start.",Non-physics
0x45f,"In today's Research Spotlight episode, we're joined by Dr. Aurapat (Fa) Ngamnithiporn, who shares with us her work on the enantioselective synthesis of eburnamonine, eucophylline, and 16’-epi-leucophyllidine!\n\n  \nVideo link: https://youtu.be/0bTXYEPgVDE  \nKey reference: Angew. Chem. Int. Ed. 2021, 60, 17957-17962.  \nhttps://doi.org/10.1002/anie.202106184",Non-physics
0x1b54,"Thank you for the advice and apologies for my late response.\n\nI can see what you mean there, so, in simpler terms, it seems that the majority of the elements, at least those which are solid at room temperature, are quite unlikely to react with the noble gasses provided that no powerful oxidisers or catalysts are introduced and no extreme environmental factors are introduced; am I understanding that right?\n\nI'm ever so grateful for the assistance you have offered me; with how much I have learned here, I am fairly confident that I can now finish writing the lore for the storage system in the story. I thank you so much for your help, as without it I would most likely have ran blindly into this and written so horribly inaccurate that it might never have recovered; you are truly a generous person for offering your time towards answering what would, under most circumstances, be considered a silly question.",Non-physics
0x1194,"Well pardon me for still not understanding because im a real basic cyclist and high school physics person. But I have noticed in my observation there seems to be nothing related to counterbalancing the shift in the center of gravity. Remember the weight is always on the left handlebar. See your answer starts off with me tilting right to correct the center of gravity BUT the very instant i lift my hands off the handlebars from a well balanced moving bicycle, i can feel the bike start to progressively tilt right. It’s kind of like I feel an invisible force pulling me to the right\n\nEven more interestingly, i could tilt my body left first, while still holding the handlebar to balance, then lift my hands off and the bicycle will continue to cycle straight perfectly balanced. If i start off perfectly balanced and lift my hands off then the bicycle will start tilting to the right which after a set amount of tilt, I will start responding and leaning my body to the left to counter the tilt\n\nConsider this similar observation I made as well, when cycling without hands, if strong wind comes at me at 90 degrees from my right to left, my bike starts tilting right against the wind. These are all too counterintuitive for me to understand what is going on",Physics
0x5fc,A theory is a well tested accepted description of nature for example LambdaCDM or the Standard Model (which is actually a theory despite the name). Your post is not a theory.\n\nA model is a mathematically consistent framework that is plausibly consistent with reality and could become a theory if it makes unique predictions that can be tested and differentiated from the existing theory. Your post is not a model.\n\nYour post is philosophy and I suggest you discuss this with philosophers.,Physics
0x21e5,"Bingo. That small difference in a molecule makes it not only non neurotoxic, but also psychotropic. Another way the area between poison and potent medicine becomes skewed is in the case of atropine, which is an alkaloid found within many of the datura plants (ex. Datura stramonium). Now these plants can, without proper usage, cause absolutely nightmarish delirium and death, but you can find one of their primary alkaloids on the WHOs list of 100 essential medicines, with uses in nervous system disorders and glaucoma.",Non-physics
0x184a,"If it were a spaceship, say, and there were passengers in the big, glass-walled ball-room dancing to Blue Danube that you could observe with a telescope, they would seem to move at about 1.7x out of sync (faster) with the Blue Danube you might be blasting from the loudspeakers at your observatory.\n\nEdit: both the flashes and the image of the dancers would be noticeably tinted towards Blue.\n\nAs for ""seeing the bullet travel twice as fast"", no, not really.  I mean first of all, it'd be coming towards us, so it would just basically grow and get a little brighter.  Even so, our observations -- let's imagine a real alien beacon approaching us from afar now, or just really quick wits and computers if we stick to the original -- would be used to obtain the orbital elements for the object.  The velocities we would deduce from these elements would indicate the ""correct"" approach velocity, 0.5c.",Physics
0x1cf6,Guys come on. What is all this shit about atmospheric pressure and expanding air. Try to propose a reasonable explanation. You all are stupid… it was obviously a demon.,Physics
0x14ed,"It's not homework exactly. I have found topics like wormholes , about time in general time is time quantized ? But I want to learn about more topics. Not only about homework but I am a first year student. I have not seen what other people have seen in their years. I really want to broad my horizons about what else is there.",Physics
0x1f9b,"I thought the previous results suggesting violations of lepton universality released in March were eventually explained with updated corrections to the SM predictions, and the ~3-sigma discrepancy went away as a result in the updated analysis.  Do these new results take the updated corrections into account, or are they based on the older analysis?\n\nReference for the updated analysis of the previous results, from July: https://physicstoday.scitation.org/do/10.1063/PT.6.1.20210709a/full/\n\n>Now the ATLAS collaboration has collected and analyzed data at the Large Hadron Collider (LHC) that resolves the apparent disagreement. The precision of the collaboration’s measurement is twice that of the LEP result, and the value, R(τ/μ) = 0.992 ± 0.013, agrees with the standard-model prediction of unity.",Physics
0xfad,"I had an uncle that grew these and would sell them in Northern California. I remember he would boil them when we were younger before he sold them. Apparently that makes it safer somehow?\n\nHe ultimately got locked up for life after an investigation was sparked by my cousin, his son (14), eating a couple raw with some friends. 3 died, 2 have irreversible brain damage and are basically vegetables. \n\nTL;DR: don’t do it.",Non-physics
0xd63,"Like everything in chemistry,[ there are many different types of ""shock sensitivity""](https://en.wikipedia.org/wiki/Shock_sensitivity) and at least 4 competing test methods.  \n\nFor instance, *shock* from a pressure wave, *impact* from striking with a hammer or *friction* of opening a container, sometimes you see static discharge included too.  These are different.\n\nThe oldest test is simply hit it with a hammer.  If the hammer is thrown into the ceiling, it's a shock sensitive material /joke.\n\nThe shock sensitivity of an impact detonation is called a ""gap test"".  Put a known mass of material in a metal cylinder.  Drop a heavy metal weight onto it.  Start at a low drop height, moving the weight higher and higher until the material detonates.  The smaller the gap, the more shock sensitive.\n\nPractically there is a low threshold point where you stop measuring.  There is no point determining which is baddest, it's all bad. \n\nBoth TATP and nitroglycerin have BAM friction score <5N and impact gap tests of ~5 cm (so very very low result = highly sensitive).  Effectively both are off the scales for sensitivity.\n\n> more prone to accidental detonation\n\nUser error has more influence than material properties.",Non-physics
0x117e,"Thank You Thank You \n\nIt will take a bit of time for me to process this with my 34 years absence from physics, but exactly what i was looking for.",Physics
0xe41,"This is the third Veritasium video this year on an old USA Physics Olympiad question, and for good reason: they're mathematically elementary, but designed to stretch your intuition.\n\nI fondly remember participating in high school, back in 2012 and 2013. When I returned as a junior coach in 2015, I bragged that I was obviously qualified, since I could easily get perfect scores on the qualifying round. They sprung this 2014 problem on me. I went with my gut and got it wrong, and they still won't let me live it down!\n\nThere was quite a lot of excitement about this question at the time. Apparently, the coaching staff was buried in emails from students, teachers, and retired engineers. \n\nIf you're a high school student who wants to see more problems like these, you can check out [our website](https://www.aapt.org/physicsteam/) for all previous exams. Also, consider registering for the upcoming 2022 exam! We try to keep the questions fresh, interesting, and accessible.",Physics
0x5fe,“Molecules that changed the world” by KC Nicolaou. It’s part coffee table book part synthesis text book. Covers about 40 natural products in detail by one of the best synthetic chemists alive.,Non-physics
0xef0,"Theoretically, if the wire has no resistance (not realistic, but is assumed in most problems like this) R2 can be disregarded because it’s shorted i.e., current flows through the path of least resistance. There is zero resistance on the path that negates R2",Physics
0x14eb,"When you email them consider the following things:\n\n1. Show enthusiasm for science (don't overdo it though)\n\n1. Know what the professor works on, read at least the abstract and introduction of a few of their papers\n\n1. Emphasize what secondary skills you have (if any) such as building detectors, programming, any special math/physics courses you have taken, etc.\n\n1. Recognize that taking on an UG is a huge amount of effort with almost no benefit for the professor and that many will not email you back.\n\nIn addition to cold emailing professors, there are also summer programs designed for UGs. In the US there is the REU program at universities and several US national labs have summer programs as well including BNL and FNAL. Applications for these are usually earlier than you might think so don't wait.",Physics
0x1127,"So I guess that’s where this conversation ends, I cannot provide proof or verifiable evidence. I know this in my heart to be true. Label me a conspirator I’ll take it because I understand that’s what I sound like. Label people who believe in religion or ghosts as crazy. Just because the science or stats are being censored doesn’t mean they aren’t real. The government has lied to us so many times before. I can get into why I think stats and real news are being censored but again, conspiracy. \n\nI don’t live by the facts of today’s news sources. It’s not reliable. I don’t hate on those who do, as it doesn’t make sense why the news would try and lie to people about something this big (COVID).\n\n I’m not very articulate over text. It’s hard to accurately explain my logic and thought process and why I think what I do over Reddit. I have sources but to the average person they aren’t from major news stations or lesser of value. \n\nIf you want me to provide you some information message me.\n\nThat is proof or verifiable evidence to people who are ignorant to real facts. They will say my facts are propaganda or false narrative.",Non-physics
0x6b3,"What I specifically did was write notes then later rewrite notes into a composition book, it helps to you realize any parts that you missed or don’t quite understand!",Non-physics
0x26a2,"I would be more afraid of the body than the arm. I don't know how much arteries behave like a hose that is kinked. The only thing we learned in first aid/first responder training about turnequets (however it's spelled is) Too dangerous, you don't have the training, dont do 'em.\n\nAlso, it would have to be a remarkably good movie to distract you from the pain",Non-physics
0x1a6,"Semantics, people and other living things can reproduce without the benefit of another species. Viruses (plural) need a host organism, another species in order to reproduce. They can not reproduce without that host, they do not have the ability to reproduce. Perhaps you know this already. I do believe viruses are non living but share traits with living organism.",Non-physics
0x237,"To the extent that we can objectively call two populations separate species at all, it's when they no longer successfully reproduce with each other (at least under natural circumstances). There is no specific level of genetic similarity at which this reproductive isolation begins, so you can't quantify it mathematically. It depends on the situation.",Non-physics
0x4b1,"What helped me the most in organic chemistry is, that imagined the reactions as LEGO or puzzle.\n\nIt somehow clicked and made it way easier for me",Non-physics
0x1bc4,I mean it can get flushed out faster if the enzyme responsible for its metabolized is induced. This would decrease the drugs half life. Certain drugs that induce metabolic enzymes can do this.,Non-physics
0x25b6,"This is honestly really reassuring to me, because when I first watched the PBS Spacetime video on the DCQE I came away very confused, even after a second viewing.\n\nI know many on /r/physics really dislike Sabine, but her stance that quantum entanglement is misunderstood (sometimes even by professional physicists) because it's called ""entanglement"" rather than ""correlation"" seems correct to me (granted, as a statistician)",Physics
0x4b5,"You can sleep there no problem.\nYou can grab a vacuum, place a piece of cloth in the vacuuming end, and use it to gather the tiny mercury drops left.\nThen throw it away.",Non-physics
0x17a3,"This is no simple problem, and therefore does not violate rule 1.  Literally, the way that a rocket provides thrust is by ejecting mass at high velocity in the opposite direction of the thrust (see Newton’s Laws). You are not given the rate of change of mass, which depends on the efficiency of the rocket.  In general if the thrust is constant the rate of acceleration will increase as mass decreases.",Physics
0x16ca,"Looking forward to seeing some pictures! \nUnfortunately my lab cant justify the use of a PLM with our work, I took these on a normal dissection microscope and a cellphone camera.",Non-physics
0x1ea3,"I think in general, a lot of people get wrapped up in the math (operators and functions) and tend to discuss those tools as physical things. That’s about as sensible as saying increased pressure changes the addition function.  \n\nThe reality is, it’s a bad question.  No one really knows what’s really happening and the math, while very useful, probably obscures hidden physics we have no way to really know about.",Physics
0x1344,"Nah, /u/According_Berry_4401 had it right already. \n\nThe ""dead time"" is how long it takes for the voltage to rise high enough after an ionizing event to accelerate the electron  liberated by the event enough to ionize further gas molecules/atoms and start a cascade of electrons. When this hits the anode, the registered current is the ""signal"", often converted into a sound via a speaker.\n\nEdit: Further reading https://en.wikipedia.org/wiki/Dead_time?wprov=sfla1",Physics
0x1c1b,"Thanks. What you describe is a basic form a social anxiety and is sometimes treated with stimulants like Adderall. I recommend checking out these links for more information.\n\nAlso, take time to read about how addicting this drug can be and the negative effects that you can experience when coming off of it. \n\n""How does Adderall reduce social anxiety?\n\nAdderall is a psychostimulant that causes dopamine to be released into the brain. Additionally, it does release norepinephrine and can affect serotonin. This drug makes most people feel good, focused, and productive. It releases social anxiety by stimulating the brain so that during social situations, you don’t have difficulty thinking of what to say; it makes you feel calm and focused at the optimal dose.""\n\nhttps://mentalhealthdaily.com/2013/03/03/adderall-for-anxiety-disorders-a-counterintuitive-treatment-option/\n\nhttps://www.mdlinx.com/article/methylphenidate-improved-both-social-anxiety-and-adhd-symptoms-in-adults-study-found/lfc-1260\n\nhttps://www.theraleighhouse.com/addiction-blog/adderall-and-social-anxiety\n\nhttps://www.addictioncenter.com/stimulants/adderall/",Non-physics
0x1300,"The 2021 Ig Nobel prize may have been remote, but it wasn’t remotely the least interesting. There were a plethora of interesting scientific works in the prizes \[1\]. Particularly interesting for me was the prize for physics and kinetic, which were related.  These prizes were for attempting to understand how human crowds self-organize.\n\nThe physics prize \[2\] looked at modeling human crowds and showed that by tracking actual human interactions that we can be described quite well with simple long-range (sight) and short-range interaction terms. Using this fluid dynamics approach they showed good agreement in describing real interactions. The same group previously attempted to direct pedestrians but was not very successful \[3\], suggesting we still need to develop how to introduce external forces.\n\nThe kinetics prize \[4\] was given for investigating the effect of people on phones in crowds. No shocker here, they are the worst and slow everyone down. But it is still important to understand how this happens if we wish to potentially minimize the effects.\n\nIf you prefer to read some popular science articles on these topics youcan check out these from phys.org \[5,6\]\n\n\[1\] [www.improbable.com](http://www.improbable.com)\n\n\[2\] [www.journals.aps.org/pre/abstract/10.1103/PhysRevE.98.062310](https://www.journals.aps.org/pre/abstract/10.1103/PhysRevE.98.062310)\n\n\[3\] [www.collective-dynamics.eu/index.php/cod/article/view/A34](https://www.collective-dynamics.eu/index.php/cod/article/view/A34)\n\n\[4\] [www.science.org/doi/10.1126/sciadv.abe7758](http://www.science.org/doi/10.1126/sciadv.abe7758)\n\n\[5\] [www.phys.org/news/2018-12-pedestrians-cm-comfort-zone-collisions.html](https://www.phys.org/news/2018-12-pedestrians-cm-comfort-zone-collisions.html)\n\n\[6\] [www.phys.org/news/2021-03-distracted-pedestrians-people.html](https://www.phys.org/news/2021-03-distracted-pedestrians-people.html)",Physics
0x22bf,"I’m not really denying your intent. I’m a) doubting it, because before your third comment there was no indication you were joking, so it just sounds like an excuse to save face, and more importantly b) saying it doesn’t matter what your intent was, you still blamed me (in your third comment, the same one where you claimed you had been joking) for not getting it because I was “taking it to serious”. Then you told me to “not be too elite about it.”\n\n*That* is what I’m talking about now. Not your intent, but the fact that you couldn’t just accept that your joke was so unfunny that instead of being recognized as a joke, you just looked dumb. Instead, you tried to make it somehow *my* fault. It is not. \n\nThe one thing I absolutely do have a “stick up my ass” about is people who try to fault others for their mistakes, but you can’t take the fact that I’m being a hardass about this issue and use it to say “see that’s why you didn’t get it!” No, they are not the same.",Non-physics
0x207a,"If she were planning on teaching, a BA is fine.  \n\nIf she is planning on being an actual scientist, I’d tell her to get the BS.",Non-physics
0x641,"I completed it for you.  \nI have the MTHFR gene mutation. While it's not life threatening, for me it caused lifelong depression. So I would be in favor of correcting that gene defect.",Non-physics
0x820,"I think desensitization occurs because of overuse (e.g. desensitized penis from masturbation), whereas sensitization comes from something that indirectly triggers an over-generalized response like ptsd would. Or something like that.",Non-physics
0x4d8,"Why would this be a process you attempt in situ? You're telling me you'll design an entirely new nuclear reactor based entirely on the idea that it might maybe form something somewhat beneficial? I mean, you're talking about introducing a fuel rod, a reflector and a gas  into a reactor. Just with fuel rod and reflector, you would at a minimum need to completely overhaul a reactor to swap it out to your newly designed fuel rod and reflector. Plus you'd need to introduce a gas stream into the system which gets very complicated. Cooling efficiency would change dramatically... so... I really don't see any other option than complete redesign. I'm also not sure what you're doing about cladding. Every fuel rod I know of is encased in a cladding material that would prevent the formation of the uranium nitride you want since that uranium is not exposed to the NH3. I'm willing to bet that a basic solution is not ideal for the system, either. \n\nI don't know the decay chains of everything so I'll just take your word that a neutron will create 15-N. Presumably that will be most efficient at a certain neutron velocity so why wouldn't you take a nitrogen source to something like a spallation neutron source or just another reactor (there's a few designed as neutron sources) where you can convert it to 15-N with significantly higher efficiency? Plus then you're designing a reactor around a known advancement rather than around something that might maybe create that advancement.",Non-physics
0x223b,"If the intensity of the electrons is high enough to heat up the gas, that will increase its pressure. But for the electrons themselves to directly increase the pressure, there would need to be a lot of them. I can't think of any situation where that would occur.",Physics
0xeec,"[How spray bottles work](https://home.howstuffworks.com/question673.htm).\n\nThe sensitive components in hand held trigger sprayer may include a spring, one-way valve, a tiny rubber ball in the non-return-valve and the spray nozzle.  \n\nYou won't know what these materials are in any given spray bottle.  They are usually going to be very cheap materials with no real life time.  Any one of these materials can react badly to one of your chemicals.  Brutally honest, they really aren't designed to last more than a single bottle or two.\n\nInvestigate hardware stores for pesticide/herbicide hand sprayers.\n\nThose hand and pump sprayers will have recommended uses that may include high pH, low pH, solvent, salt, etc.  They should also have labels that say NOT SUITABLE FOR ACID OR SOLVENTS.  Pick one that suits your needs and put a label on it.  Only use it for that chemical.\n\nFor instance, a brass nozzle will definitely survive some chemicals forever but 100% die within seconds for other chemicals.\n\nThe cheap hack for low-budget cleaners is to use the original packaging.  For instance buy a box of 24 Windex bottles instead of 1 big refill bottle.  It's not great packaging waste, but the next step us is probably going to be a $200 reusable spray bottle or electrostatic sprayer.",Non-physics
0x1986,"> **Not Allowed Submissions**\n\n> **Homework Problems**\n\n> Questions that are specific homework problems or calculations should be redirected to /r/AskPhysics or /r/HomeworkHelp. Neither asking nor assisting with homework is allowed here.\n\n> Alternatively, try Physics Forums instead.\n\nPlease read the sidebar before posting.",Physics
0x252f,"Are you trolling me?\n\nIt's travelling at 0.5c, which is 1 lightsecond every 2 seconds.  So after 10 seconds (T+10), it has travelled 5 ls.\n\nIt's incredibly basic math.  Literally gradeschool.",Physics
0x1991,"Hell yeah! Your lab sounds super fun, I'm glad you all have such an open and inviting atmosphere. Sending you all buckets of love. May your experiments work well and your jokes light up the room with joyous rapture!",Non-physics
0xa84,"> What I mean I regret not becoming a physics researcher, this guy is living my best life, so I wanna know, what DOES he regret\n\nI wasn't going to answer, but then I saw this comment and I figured that I'll give you an answer.\n\nI wouldn't say that this is my biggest regret, but I regret studying physics instead of computer science. I love physics, but it just doesn't pay well. The career path in physics academia is an absolute nightmare. I recently graduated with my PhD and I've left physics. I miss it, but industry (specifically big finance and big tech) pays so much better, and I'd rather have more money in exchange for working in a field that I'm less passionate about.\n\nIf I could send a message back in time 10 years ago to my past self, I'd say to major in CS instead of physics, and then go straight to big tech instead of going to grad school.\n\nEDIT: grammar",Physics
0x60e,"Insects, which are members of the Hexapoda subphylum,  have only six legs by definition. Arachnids, which do have eight legs, are never alate. I'm afraid that you've probably misremembered the encounter and, with only a vague description to go on, are unlikely to receive an accurate identification for the organism. Sorry.",Non-physics
0x434,Like I said with the gamma rays example. There could be things that we can’t detect but could be doing us harm like gamma rays. It does go into philosophy a bit because your right if there are things that can go faster than light that can harm us the way we work is we’d wait for the harm to occur then look into finding a way to measure it.,Physics
0x316,"SPH is frustrating me\n\nI should mention I'm quite an amateur researcher and this is my first major project\n\nI'm building an N-Body simulation platform for some simulations of galaxy clusters. It's quite interesting for the most part, but it's tough to get everything working",Physics
0x874,"I mean that would cause the global oxygen levels to rise from 20.946% to what, 20.948% ? I assume regional variations in oxygen levels may vary more than that.",Physics
0x25a1,"If it somehow did, and if therefore that cell started producing spike protein from the mRNA, your immune system would kill it off for being a cell producing a foreign protein.\n\nHIV is a more or less unique exception because of the way it affects your immune system directly, but your problem if you have HIV isn’t the possibility of integration, it’s that you are immunocompromised and won’t be able to fight off even normal minor infections.\n\nIf your HIV is under control enough that you have a functioning immune system, your immune system will kill off any cell that gets the mRNA integrated and producing spike proteins.",Non-physics
0x22c8,"You either are in a 3d environment and count 3 constraints (point A constrained in a sphere, point B constrained in a sphere, fixed distance) or are in the 2d environment of the sphere and only one contraint (the fixed distance). Either way you get 3.",Physics
0x235c,"It's because at first, when the AgNO3 is added to the K2CrO4 solution, Ag2CrO4 is formed. Which is the first red precipitate that you see. Then, it quickly redissolves and, the free Ag+ reacts with the Cl- that is in the sample to form AgCl. This salt has less solubility than the Ag2CrO4 so when more AgNO3 is added, more AgCl is formed until all the Cl- is consumed and only after that, Ag2CrO4 will be formed permanently.\n\nThe AgCl precipitate has a white color. That's why at first the solution slowly turns into a merky one.\n\nThat's the principle of determination of Cl- in samples via the Mohr's method.\n\nI hope I was able to explain it clearly, English is not my first language.",Non-physics
0xc3d,"Do you know if a way to bulk download it?  I'm looking and can't find anything.\n\n&#x200B;\n\nI found a python library to download JANAF data in bulk, but it's mostly inorganic.",Non-physics
0x6f4,"Can this mf be banned please literally just clogging up the sub with completely irrational questions ranging from mildly annoying to ""think about it for approximately 20 milliseconds and get the answer""",Non-physics
0x1c84,"A couple years before IB started, my chem teacher had us memorize the charges of transition elements. It wasn’t fun at the time, but I’m glad I know them now",Non-physics
0x1fa2,I'm not sure how are these things similar. This toy uses jets of water to push the rings around and OP changes the pressure inside the jar so that the thing inside becomes relatively more or less buoyant.,Physics
0xce,"Well the only way to ""remove/neytralize"" a compound is by changing it to something else.\n\nMetabolizing something is chemically changing it to something else just using natural biocuemical processes. You can hypothetically chemically modify it too but youll likely mess with the entire tissue its in. For example you could incinerate the hell out of the compound but everything around its messed up too. You could use acids to degrade it but those acids will mess with the around tissue too.\n\nYou could maaybe get some sort of high affinity compound specific to the said compound, bind that high affinity complementary compound to a magnetic nanoparticle and  diffuse that through something and then recollect the particles but if its a tissue those nanoparticles arent going to be able to spread as ubiquitously. If it was just a solution then sure but not something like muscle tissue. (Also recollecting nanoparticles through muscle tissue using a magnet woildnt likely work or would at least be very painful",Non-physics
0x210b,"From my quick googling of chlorine gas it apparently reacts with the respiratory lining converting the gas to hydrocloic acid!!! \n\nOnce inhaled, chlorine gas diffuses into the epithelial lining fluid (ELF) of the respiratory epithelium and may directly interact with small molecules, proteins and lipids there and damage them, or may hydrolyze to hypochlorous acid and hydrochloric acid which in turn generate chloride ions and reactive oxygen species; the dominant theory is that most damage is via the acids.\n\nhttps://en.wikipedia.org/wiki/Chlorine_gas_poisoning?wprov=sfti1\n\nSo I guess the antibiotics were preventative as the lungs had acid burns.",Non-physics
0x683,"I can’t necessarily debunk it. I think it’s a bit hasty to dismiss all homosexual behavior though as a confused instinct or something. Surely we can never really know an animal’s motivation behind an instance of a specific behavior; maybe they are asserting dominance or maybe they’re experiencing same-sex desire—who can definitively say?\n\nAll in all, I find the arguments about homosexuality being natural or unnatural because of animal behavior to be unnecessary. Naturalness doesn’t necessarily mean something is good or bad. And anyway, why couldn’t it theoretically be “natural” for the human species and no other? I just think it’s all kind of a fruitless argument, kind of like how when people debate abortion they spend all this time going back and forth about when “life” begins.\n\nIn the end, for human homosexuality, I think all we need to know is that a significant portion of our population experiences same-sex desire at some point in their life, maybe their entire life. Whether it’s natural or genetic or “a choice” isn’t really important. What’s important, in my opinion, is who gets to decide what human behaviors are acceptable and to what end? \n\nPersonally I want to live in a world where human sexuality is only limited by the absence of consent and the age of the people involved. Maybe other people feel differently, that’s fine. But we should all be asking who benefits and who suffers from their particular agenda. Not whether or not their vision for the world mirrors the animal kingdom.",Non-physics
0x243f,"Gorgeous! On a side note, I just moved to Manaus a month and a half ago. I know a fair bit about the flora and fauna of the north of our planet, but feel strange knowing nothing about this stuff here. It's like I'm a kid again in most aspects, relearning relevant knowledge for a new part of the world. People here don't seem to know the names of a lot of plants, animals, insects, or birds, so I can't ask them. I went to a big bookstore to look for a book or several books to learn, but there was practically nothing. Any suggestions of how I can go about bringing my basic knowledge of tropical flora and fauna of this area? I can take suggestions in Portuguese.",Non-physics
0x1ff0,"Risk isnt distributed evenly across all people. E.g. Smokers versus non smokers.\n\nThat said, learning your family medical history and talking to your primary care provider about what / when screening is appropriate is never a bad idea.",Non-physics
0x644,No. I usually catch them in deeper water at the center lake edge of the Lilly pads where there are no rocks - so they don't exclusively hang out around rocks.,Non-physics
0x1877,"When you say deprotection, are you talking about hydrolyzing the ester to the acid? If so, your product should be in the aqueous phase and needs to be acidified to pH < 2 and then partitioned with DCM, washed with brine, dried over Na2 or MgSO4.",Non-physics
0x4bf,"How do I pursue physics as my hobby? I really loved studying physics back in my high-school and college, but it has been so long that I don't know how to get back at it. I also loved the part about solving comes equations.",Physics
0x1bd9,"Which concentration do you need?  \nIf diluted HNO3 will work, and healthy amount of other ions is not the problem, the usual method is to add a strong acid to the nitrate solution - you'll have NO3- ions and quite enough H+ so any reaction which needs only NO3- and low pH will proceed as if it was a nitric acid.\n\nIf you need pure stuff, or you need concentrated HNO3... well, the usual laboratory method is to react nitrate salt with some non-volatile acid (H2SO4 is the usual one) and distill the nitric acid. Definitely not a process you want to try at home. Good apparatus and good fumehood are mandatory.",Non-physics
0x1808,"That's just not feasible in many fields. For example many experiments at CERN take petabytes of data into account for an analysis, what are they supposed to do then? Ship a container full of hard drives to the journal?",Physics
0x230b,"Do you know if any other chemicals in Listerine would interact with bleach? There is of course alcohol and menthol. But also eucalyptol, methyl salicylate, thymol, benzoic acid, poloxamer 407 and sodium benzoate.",Non-physics
0x20c,"It depends on whether these grades are curved or not. A 60 can be an A if the class average is 40... but also yeah, if you aren't doing well in intro classes it is not likely to get better with upper level classes.\n\nI would try and take some tutoring so that you can figure out studying better rather than just studying more. Honestly also doesn't sound like you enjoy it so you may want to try some other subjects to see what you actually enjoy or whether some non-academic career is better suited to you.",Non-physics
0x1f4a,i really empathize with your compassion for bugs. entomology is really interesting to me and not only that but also the life that bugs have that many people see as insignificant or even as a nuisance. im just happy you where there for it when it was dying 🥲,Non-physics
0x15f1,"Probably it depends where you want to work. NY Wall Street requires higher ranked PhDs, but it could just mean you will have to apply a bit more until your 1st interview (and then it's about your preparations and knowledge.) \n\nIn Switzerland doesn't matter that much (Zurich is similar in a way it is well known for quant finance and investment fonds).   \nThese are the 2 cities I have some experience with.",Physics
0x183d,"I studied physics but I've been working as a SW engineer since I've left college. During college I was at a couple of conferences, had a internship at my thesis advisors department, talked to postdocs in person and I'm in touch with some of my schoolmates who stayed in academia, so I have a pretty good idea what's academic life like and I simply prefer life of a software engineer.",Physics
0x539,"From day one, just let yourself get immersed in the labs and study hard. You'll do great if you seriously apply yourself. Chemistry is a very amazing thing, and the more you learn about it, the more you'll enjoy the whole field. Best of luck to you!",Non-physics
0x1c38,"- In essence, my theory starts off with the idea that space is malleable through time but time is not malleable through space.\n\nDoes your theory explain the well observed symmetries between time and space?\nAlso, there is little questioning about good-old flat spacetime among experts to crave for a new theory.",Physics
0x1eb2,"If you have access to the book, the relevant equation is 9.20 with some reorganization. Our form tries to emphasise what the expansion is about but they are equivalent.",Physics
0x1942,"Oh jeez, what a massive mistake from PBS Spacetime, I thought their credibility checks was better than this. I mean, even the frickin' YouTube commenters can tell that there's nothing to it.",Physics
0x9f4,"Think of all the things you touch over the day. Just because its wiped onto your hands, doesn't mean it that vast majority of it isn't wiped off by the time you sit down and eat something.\n\nMost of the time we are eating with silverware anyway, we don't even touch our food with hands half the time.",Non-physics
0xb60,"I see what you are saying now, but, my point still being is being healthy. You can prevent both of these things just by being healthy.",Non-physics
0x1420,"Gravity provides extra incentive.  I *think* it's that each electron would have to be squished to the same size as a proton, which takes energy, making it lower energy to have a neutron than to have a proton and a squished electron.\n\nI expect that there are *some* electrons and protons throughout the star, but very much fewer than the number of neutrons, and the electrons don't need to each occupy such a small volume.",Physics
0x1a36,"For the same reason that when you jump the earth doesn't rotate underneath you, inertia. You need forces acting on a body to change it's velocity.",Physics
0x274,">Not to be inflammatory, but I'll be deeply disappointed if MOND ends up being the dominant theory in my lifetime. It just feels so inelegant.\n\nKinda like the Higgs Boson at the LHC; the universe is a lot more hack-y than the SUSY folks ever would have expected or preferred.",Physics
0x12d1,But it’s not semantics. They are referring to theoretical physics publications that propose new *hypothesis* and critiquing them as if they are automatically accepted as theory. That’s not how the process works. New hypotheses are indeed made to fit new data before they are tested rigorously. That isn’t a problem.,Physics
0x12bb,"Not a Chemistry PHD, but in another interdisciplinary science field. My suggestion to all folks in your position is to not just go by your grades and accomplishments, but begin to network within the programs you wish to attend. Get to know the professors and grad students before applying by going to conferences and meeting with them, take a grad student to coffee and learn about their research. Take an active interest in their work before applying so that they know that you know what they do and have an interest. Basically…get to the point where the application is just a formality and you know them well by the time you apply. \n\nAlso, don’t simply choose a program, but choose an individual within that program with whom you want to work and your research interests align.",Non-physics
0x9c2,It is called centripetal force. For an object to stay in circular motion there must be a net force toward the center of the circle. In this case the reaction force )normal force) from the wall does provide that. The friction force acts upward and that balance the weight of the car. You must drive above a certain speed limit to stay on the track.,Physics
0x1226,">are lithium batteries really better than hydrogen ones\n\nYou mean hydrogen fuel cells?\n\nBatteries are a lot more efficient than anything else which is a big plus especially for cars. However they won't work for everything ships, planes, etc. aren't really suitable for lithium ion batteries.",Non-physics
0x1866,"Seeing as we are day animals I doubt we use the dark skin as camouflage. And I believe fair skin is more about not spending energy on melanine production since you don't really nees the extra sun protection. People with darker skin didn't get any advantage from it in northern lands, so fairer skin was slowly selected.",Non-physics
0x21e8,So another question I’ve got is how do we know nothing can travel faster than the speed of light because light is only the fastest thing we can observe since we observe through sight. Technically if something was going 100.0001% the speed of light we wouldn’t even be able to observe it as the it’s light would never reach our eyes. Edit: it wouldn’t even have light because light wouldn’t hit it in the first place right?,Physics
0x27b7,"If you want to keep it for more than 2 weeks, I would go for something like 20 or 25 L. You also want to get a transport dewar with a narrow neck, and not the ones that are like a bucket. Manufacturers might have some specs about evaporation rate etc that you might want to have a look at.",Non-physics
0x2343,So I am very much motivated my you and another youtuber which goes by the name Mr. P Solver (He uses extensive Python to so solve physics). Will you let me know of some python resources to master these computational Physics skills.,Physics
0x1679,"star trek the next generation, there is an episode where picard gets tortured and they wanna break him by make him say there are 5 lights when there were actually 4 of them",Physics
0x2622,"Yeah my professor teaching a molecular simulation module said a very similar thing. It's easy to get millions of data points, but using those to conduct actual physics is the hardest part.",Physics
0x2263,If you haven't played with https://refractiveindex.info/ give it a shot. Lad used to have a multilayer thin film calculator that would crunch the transfer matrix for free! Shame he doesn't now or I could dream up my own tetrachromacy glasses (https://arxiv.org/abs/1703.04392).,Physics
0x158c,"You can buy litres of DMSO on eBay for maybe 20 euros a litre, there are plenty of sellers in Germany that will happily ship to Sweden.",Non-physics
0xe5d,"I posted here 3 years ago when I first published the app and everyone seemed to like it a lot! I've graduated now and finally had time to complete it, and I'm excited to hear your thoughts and feedback on how I can improve it.\n\nIf you'd like to check out ChemCalc, or if you plan to use it for your classes, you can download it for free on the App Store! LINK: https://apps.apple.com/us/app/chemcalc-chemistry-calculator/id1355462540",Non-physics
0x26b1,"I started my degree with B level chemistry, very bad mathematical skills and failed 2 courses on my bachelor's degree.\n\nNow I'm at the last year of my masters degree and I'm confident of my chemical engineering capabilities. But i cannot answer every question asked in this subreddit, far from it.\n\nI find that most chemists are knowledgeable within their own field. While any chemist has some knowledge of most fields noone is expected to know everything.\n\nChin up, everything will be fine if you apply yourself!",Non-physics
0x2530,So I'm bad at making notes and cue cards so what works for me is learning the work then using quizlet and easy notes. I find going through about 5-6 different people's cue cards are usually enough to cover the topics properly\n\nAnother method I find works is the active recall method. This works by writing notes (or using someone else's if you're bad at making notes like I am). After you write your notes rewrite the notes leaving out important words and topics. When studying use both sets to Study. Then use the set with the missing words to revise,Non-physics
0x1157,"The molecules in a liquid are always moving because they have energy. In this example, the membrane is water permeable so water molecules will move from one side to the other just as they are moving on either side of the membrane. But the net movement is zero because the same amount of water is moving across the membrane in each direction. If one side of the membrane had dissolved solutes that could not pass through the membrane, then the water would move to try and equalize the concentration.",Non-physics
0x27bb,"All that seems insanely promising. So, can we say, that once production costs and planning are worked out, climate change will be under control in coming decades? This almost feels like another science fiction fantasy become true. Maybe first steps in terraforming too...",Physics
0x19aa,"Yep those are epiphytes, most likely what in Texas they call ball moss, which are in the bromeliad family. Tillandsia. Largely harmless to the tree and can even bring nutrients to it. Where I grew up every tree has some on it—not a parasite at all.",Non-physics
0x1aec,The important bit here is that there is some greater force holding the cap down above and beyond just gravity pulling it down. It could be it's a tight fit or maybe even just surface tension of water where the cap contacts the lid. This results in a periodic phenomenon where expanding gas inside finally breaches the breaking force of the cap and then immediately depressurizes the container. Then the cap comes slamming down. The process repeats as the gas inside continues to expand.,Physics
0xb9a,"unfortunately there are 'interaction-free measurements' which render this common line of reasoning partially incorrect, in that the *non-observation* of a quantum system constitutes a kind of information, whereby one infers its properties by knowing where it is *not*. \n\nhttps://www.if.ufrj.br/~carlos/fismod/seminarios/medidaSemInteracao/IFM_Experiment_KwiatPRL1995.pdf",Physics
0x10ec,"The part where they ask ""what is this called when a shadow has multiple shadows ""layered"" behind each other"".\n\nPenumbra is a continuous spectrum of shadows, which you could argue are infinitely layered over each other, but they don't appear as *separate* layers, so I interpret that as not what OP is asking for.\n\nThey specifically are asking about layers.",Physics
0xef2,"Try dissolving your complex in as little as possible DCM, add a layer of heptane and put it in a fridge. Let the dcm slowly evaporate. Usually works for me\n\nOr general, dissolve it in a solvent, add another solvent that is miscible with the first one and in which the compound you wish to recrystallize doesn’t dissolve.",Non-physics
0x11b4,"I'll disagree with saying dopamine is ""the cause"" of addiction. Here's my view. Addiction is a lock and key. If you gave Adderall to a large random sample some would hate it, some would not. Some fraction would be more mentally effective but not addicted, and some would become addicted regardless of any pharmacological benefit.\n\nAn example: I was on morphine for about 2 weeks after serious surgery when I was in my early 20s. I was taken off of it fairly suddenly when I went home. I had physical withdrawal but didn't realize it, and called my doctor with ""odd"" symptoms. He literally laughed on the phone but didn't say why, and gave me a prescription for a tranquilizer for a week or two. A few days later a friend explained it. So, did I crave opiates when I went off, or after I found out what happened? No. Would I have considered it taking it if I could somehow get it free and safely? Not even a little. I have a life to lead, thank you. What about years later when I went through chronic depression and had had personal experience or familiarity with more addictive things? No, never called to me. Does that make me better than an addict? Absolutely not, just lucky in that particular way. \n\nAs a baseline (possibly genetic), most people have very low to moderately low vulnerability to addiction, but more is fairly common. If someone with significant baseline potential is in a situation of chronic pain, either physical or emotional, their vulnerability goes up rapidly in proportion to the pain.\n\nEmotional pain can be things people don't even realize is pain because they've normalized it. Low self esteem, a bad marriage, a sense of failure, a phobia or chronic anxiety, fear about a large scale issue like climate change, or chronic hate (at the government, women, themselves, or whatever).\n\nWhy have addiction rates skyrocketed in the US? You don't have to be anyplace on the political spectrum, and barely awake, to know the problem. Suicide and crime rates skyrocketing. Obesity and diabetes skyrocketing. People hate social media and use it more than ever. Ever larger corporations and no privacy. The country has been gradually tearing itself apart more and more.\n\nThere is one and only one trigger for addiction rates climbing ever since The US Vietnam War and 60's social strife, up through the (current) pandemic and strife. One trigger: increasing chronic, individual pain. Any coincidence that the steepest climb in addictions lately is in pain medication? I think not.\n\nEdit: typos",Non-physics
0x1171,"thankyou so much for completing my survey! I also believe that it should be done sparingly, however, I believe the possibility of eliminating some/all genetic defects would improve life for all of us around the world.",Non-physics
0x2672,"As far as I know, only your wife's antibodies are transferred through breast milk. This is the case for all antibodies, and is extremely beneficial for babies. I don't know what could cause the side effects.",Non-physics
0x1a7,"> spirit of this sub,\n\nClassifications in Biology range from the extremely specific to the incredibly vague. For example, it could identify a young male Blue Tit as, well, that, *or* simply a member of the animal kingdom. Each name and group is derived from the group before it and could not exist without a predecessor.\n\nTherefore, if we do *not* have vague classifactions of nature, we have ignored what our specific names were built off of, we have disrespected the history and hard work of many a biologist before us.\n\nAs such, since many other subs have the specifics down on naming things better than us already, it should be up to us to give vague classifications for the very sake of biology. As long as we remain technically correct, we will have likely fulfilled this goal.\n\nSo it could be said (after jumping through many mental hoops) that it is in the spirit of this sub to be vague about this as long as the other ID subs exist.\n\nNot that anyone much cares, it seems.",Non-physics
0x26ce,"On a sensitive enough MS, it will. I’ve come across this when analysing an NMR sample on a Qtof even though the sample was diluted in H20/MeOH. The re-substitution of Hs in place of Ds is a kinetic one which depends on many factors. I suspect, had I left the sample for longer or heated it slightly, the deuteriums would have been substituted for hydrogens.",Non-physics
0x25d3,I still find that confusing. If that's the case how come gravity is still in effect on the ropes angle due to it's effect on the tension if it's not accelerating downward? I'm just confused I don't know the answer or anything haha,Physics
0x1782,"You're confusing two things. This result and the one from March are about B decays.\n\nThe result you linked is about W decays, where the old result was from the 1990s.",Physics
0x871,"In solution you are right, there it appears yellow, but in order to notice this coloring you need to have a higher concentration than you can have in this titration flask during this titration.",Non-physics
0x1f4c,"I am not sure, but I have always thought it may have to do with analytic geometry formulas, as in x^2 + y^2 = r^2 for a circle. Maybe these other shapes get these other formulas? I would ask a mathematician, just in case.",Non-physics
0x88d,I just went to a specialist in voice and the oral cavities plus tract. Here's what we found: males usually speak at a 80Hz frequency and I speak at 140Hz. This makes my voice sound a little higher than the usual male and I am a tenor. I had a blood test a few weeks before this and my testosterone levels are within the normal male ranges. I am 32 years old.,Non-physics
0x19cd,"I can't remember what I was watching, probably something on youtube, but they talked about the generic cost breakdown and building schedule of say a nuclear power plant vs something much cheaper and more plentiful like a natural gas power plant.\n\nThe breakdown was while a nuclear produces more power and had something of a lower overhead cost, the nuclear power plant took something like 6 years to start and end construction whereas natural gas was 2 i think. And on top of that nuclear took a couple more years after finish to start paying back the cost of the loan, while natural made consistent payments on a much quicker timeline.\n\nLastly is the short sightedness of politics. Investing in long term solutions can have negative impacts on someone's public view if it looks like nothing is happening. And in the case of elections where it may take longer to build a nuclear power plant than a single term, the pros may not outweigh the cons.\n\nI'm psyched about the next gen power plants though, there was this bill gates interview 3 episode dealio on Netflix with Bill gates talking about this team designing state of the art nuclear powerplants running off the byproduct of enriching uranium. Apparently the process leaves 90% of the material as waste.",Non-physics
0xb4c,"Photons do not have mass. You can't apply E=mc² because you're leaving out the most important part of the equation in this situation. The real equation is E²=m²c⁴+p²c², the mass of a photon is always zero, but it can carry energy in the form of momentum",Physics
0xe00,"I mostly wonder about wear and tear. Sure it works, but the crazy thing about the human hand is that it doesn't wear out (well until after many decades of use).",Physics
0x1387,"You're missing the point of the question.  It's not ""can you measure the velocity of the bullet"".  Obviously, you can, by measuring the shift.\n\nThe question is whether the observer sees it as a lightspeed weapon.  Which they do.  They see the bullet leave the gun 10 ls away (10 seconds after it actually does), and hit them 10 seconds later (total travel time of 20 seconds).\n\nFrom their perspective, they watched it travel 10ls in 10 seconds.\n\nI notice you've stopped responding to the other string where we've shown you can't do basic math.  Any particular reason?",Physics
0x1a9b,"With just these considerations, shoot for physics.  An undergrad degree in physics will allow you pursue graduate programs in either astronomy or engineering (or even physics, if something new catches your interest!).  With an undergrad degree in engineering, you could transition reasonably well to more experimental-heavy physics PhD programs, but would absolutely not be prepared for astronomy.",Physics
0x1292,">Of course a wave could affect things far from its most concentrated point, since it is inherently a delocalized object.\n\nBut a wave being non-localized is very much not what the so-called ""spooky action at a distance"" of entanglement is about. I think that arguments about waves like this build false intuitions about quantum mechanics. A relativistic wave equation in classical mechanics has nothing like spooky action at a distance.\n\n>I'm talking about making basic concepts and experiments in quantum mechanics almost completely unapproachable for laypeople by continually starting from the particle perspective.\n\nI've made this argument elsewhere, but I don't think there is an easy way to avoid talking about particles in explaining why a system would be described by a 3n-dimensional wave equation. The dimension mismatch is a huge elephant in the room until one says that it is an n-particle system.",Physics
0x5de,"Active Ingredients: Ethyl Alcohol (70%)\nInactive Ingredients: Acetone, Denatonium Benzoate, Methyl Isobutyl Ketone, Water\n\nRead the warnings too. \n\nI just buy pure Ethel alcohol Dash Everclear or golden grain Dash and put it in a spray bottle. Leaves no residue and evaporates completely because it is just ethanol and water. Plus if you ever want you can take a little taste or mix it in some juice. When I worked in a national laboratory, we sometimes used 99.9% ethanol for parties.",Non-physics
0x1ed1,Great Scott! Are you sure it’s not just going down your trachea? Lol \n\nHave you ever tried a filter? I have a rectangular Zero Water filter that I keep in my fridge and it makes a good tasting water. \n\nNothing better than clean crisp water,Non-physics
0x281c,"The scientific method can only take you as far as answering the hows. For any whats and whys to be a valid question in the scientific methodology, you have to accept a framework. [Here’s](https://m.youtube.com/watch?v=Q1lL-hXO27Q) Feynman saying it elegantly. \n\nAnd in regards to that, the standard model is a remarkably robust framework that explains a wide range of our world. Is it complete? Of course not! But a more complete theory also will begin with some axioms. All things have to begin somewhere right?\n\nSo I ask you this, why do you say that we don’t know what exactly is happening? Or in other words, what kind of answers are you looking for? And more importantly, can they be answered by the scientific method.",Physics
0x13ca,"hey just thought id let you know i went to the doctor, they have prescribed me nasal spray as theres no bacteria but there is inflammation",Non-physics
0x22ea,Should be easy to get working. You need power (5V or 12V maybe?) and a PWM connection. If you leave PWM not connected you might just get full power. Please be careful with that and wear safty glasses and don't point it at skin or something!,Physics
0x1f36,"Welcome to the hazing ritual that is job hunting in this field.\n\nRealistically speaking, it's a case of throwing enough spaghetti at the wall until something, anything sticks.",Non-physics
0x18f1,"It forms a globby sphere around the centre of galaxies. It only reacts gravitationally, so friction doesn’t result in spheres becoming discs, like with normal matter.",Physics
0x147b,"You are right about the cat (it's a faulty picture that unfortunately still used). You are wrong about actual quantum systems (atoms, etc.).\n\nWithout going into too much mathematical details: the measurement statistics of the two cases you describe are different. In other words: an atom in a specific state but we don't know which is **measurably** different from an atom in a superposition state. One of these cases gives one statistical distribution, while the other case gives a different statistical distribution.",Physics
0x739,"Don't you need apparatus that can fire single electrons for that to work? \n\nI must admit I've no idea how you'd go about building such kit, can't be that easy",Physics
0xf15,"Yes, but there's no issue with the *visual* of something moving at or faster than the speed of light. For example,  imagine I wave a (very bright) laser pointer across the surface of the moon in 1s you would see the dot apparently moving across the surface faster than the speed of light. but even though we see an apparent speed of light violation, in neither case is there an actual object moving faster than the speed of light.",Physics
0xdea,"This is wrong, as has been mentioned elsewhere.\n\nWe know a ton about DM and it is not a placeholder for anything. We know how much of it there was at the point of last scattering due to precision measurements of the CMB's temperature temperature correlation (as well as from polarization information). We also know how much there was due to measurements of the abundances of light elements. It is because these two measurements agree that we *really* believe that DM is what we think it is. But we also know its radial profile in galaxies, that it doesn't interact with regular matter much, that it doesn't interact with itself much, that it clumps, that this clumpiness dictates the large scale structure of the universe, and probably other things that I'm forgetting. All of these things point to a self consistent picture of a cold fluid that has thermally evolved like matter and has been present in corresponding densities since the very early universe.\n\nA lot of non-physicists have this idea that DM is just rotation curves and nothing else. That is *not* why we believe DM exists, although it is one more data set that points to a consistent picture, and it is the first data set pointing towards DM, but far from the most precise.\n\nAs for DE, it is also not a placeholder. We see that we have recently (a few billion years ago) entered into a DE dominated era where the evolution of the Hubble parameter is increasingly dominated by DE. The primary data set for this is type 1a SNe. While this data set is tricky, there are a large number of independent checks of DE, notably intrinsic curvature. In addition, we have looked for higher order moments in the acceleration of the universe and not found any, suggesting that DE is what we think it is. Finally, we know that the equation of state of DE is close to -1 as expected from the cosmological constant.\n\nWhat is going on right now in these areas? Many things. For DM, people are using the open data from experiments like GAIA to detect substructures in the galactic DM halo, which is mind boggilingly awesome. As for DE, with upcoming experiments like Vera Rubin we will increase our SNe data set by orders of magnitude.\n\nFinally, the dark sector mentioned in this article isn't the same as dark energy or dark matter, although it could be. Despite the fact that these names all sound related and very vague - dark sector, dark matter, dark energy - they are distinct things. The article is about neutrinos and an anomaly at 4.8sig that just got weirder: obvious explanations don't work so people are turning to less obvious things. This is the way discoveries work. Something strange happens in the data (MiniBooNE sees an excess), the simplest interpretation is investigated (a sterile neutrino), so follow up experiments are built to robustly test this. MicroBooNE just reported their first test of MiniBooNE's excess and, in a different kind of experiment, they don't see it. But the MiniBooNE result has been checked to hell and back, it is pretty hard to believe that it is just an experimental problem, although it could be. Thus people are considering new physics scenarios other than sterile neutrinos and these scenarios often go under the umbrella term of dark sector, although it's a pretty shit name just like dark matter and dark energy.",Physics
0x90a,"The Astro2020 decadal survey will be publicly released on Thursday, November 4 at 11am ET followed by a [public briefing webinar](https://www.eventbrite.com/e/pathways-to-discovery-in-astronomy-and-astrophysics-for-the-2020s-registration-198310571257) from 2-3:30pm ET.   During the webinar, the decadal survey co-chairs will discuss the key findings and recommendations from the report and take questions from the audience. [Registration page for the webinar](https://www.eventbrite.com/e/pathways-to-discovery-in-astronomy-and-astrophysics-for-the-2020s-registration-198310571257)   \n[[information source]](https://us8.campaign-archive.com/?u=e4e29ee864bd61cfd49438b70&id=759d0bae69)\n\n[Astro2020: Science White Papers](https://baas.aas.org/astro2020-science)\n\n[APC (Activities, Projects, and State of the Profession Considerations) White Papers](https://baas.aas.org/astro2020-apc)\n\n[ADS Libary of Astro2020 White Papers](https://ui.adsabs.harvard.edu/public-libraries/uZ71y9jERUiiOpuDvrXNSg)",Physics
0x2538,"The following is my personal opinion as a student of physics, i base it only on reason, might be wrong.\n\nMuch less so than gas.\n\nGases expand into whatever container is holding them, practically averaging out the amount of particles per cubed centimeter. Liquids tend to compress and expand much less because theyre bound together better than gas.\n\nAir moving over a wing will decompress as it makes its journey longer than the journey of air underneath the wing. This fast, decompressed air pulls the winged object upwards, right? Water wont ""give"" in the same way, as i said most liquids are resistent to compression and decompression. I would say the shape of the wing will definitely alter the object's trajectory, but the mechanics behind it are different from in a gas, and i wouldnt call it ""lift"".",Physics
0x25ef,">The bullet hits 10 seconds after it's first seen. Therefore, it appears to travel at the speed of light to the observer, because the observer witnesses the entire 20 second journey compressed into 10 seconds.\n\nNo. The bullet hits 10 seconds after THE SHOT is first seen. The bullet is already halfway to you.",Physics
0x1746,"No, the lip balm was not on the table where the laptop was.\nThat's the weird thing about it. And there were other small objects near the lip balm.\n\n\nI'm unable to explain what could have caused the move.\n\nEarthquake? Nah.\n\nSomeone mentioned a truck passing by.\nThere was no truck.\nAnd cars pass on the street nearby every minute.\n\nWhy only at that time it had to move?",Physics
0x24c1,"there’s a literal subreddit for people to ask for help, this isn’t it, literally takes a few clicks to copy and paste your question to the correct one. theres people there whod love to help, and youre asking for negativity to post a question on a subreddit where people aren’t expecting to help students with homework",Non-physics
0x146a,Well I used to make these kind of circles while calculating the UV wavelength of a given molecule. That's how we were taught... Idk if it means the same here though,Non-physics
0x22c1,"> Antimatter: there are tons of high precision measurements with muons, pions, Ws, electrons, kaons, and many other particles where we can measure and differentiate particles from antiparticles and measure their properties to be consistent, up to CPV.\n\nSo the ""up to CPV"" bit of that is kinda begging the question, but it's also exactly what I meant. I was being a little bit sarcastic given that you're obviously a physicist.\n\n>As far as explaining oscillations to non experts, I have tried numerous different approaches, studied what other communicators do, and followed up with non physicists who read/listened to a discussion of oscillations afterwards. And basically none of the descriptions really sink in. The problem, of course, is that it is a fundamentally QM process with no classical analog. So it's better to at least use the right words so people can connect what they're reading here with what they've read and heard elsewhere. And it's not like oscillations is a unfamiliar word.\n\nI am very much not an outreach guy. Although having seen what you've talking about, if we've never met then at least we probably know some of the same communicators. I'm very much prone to going ""quantum is kinda insane, so this happens and we want to know when and how much"" which is definitely not the best outcome in terms of explaining real physics, but does let you skip past a couple of hours of lectures to what any given result was looking for, why and what they saw.\n\n>The fact that neutrinos oscillate implies that there are almost certainly sterile neutrinos\n\nThis statement I'm actually pretty intrigued by - I don't think I've seen anyone make that argument before.",Physics
0xbb0,"What did you propose, and what was the objection? Sometimes, a modified proposal wins.\n\n\nI thought you were supposed to choose a biology topic? Like cancer or such??\n\nHealth care resources is a big issue. Topical, but more than that.\n\nAre you in US? Many Medicare issues are being considered for the the big ""infrastructure"" bill that Biden is struggling with.",Non-physics
0x169,"I have a question, why doesn’t decoherence spoil  superposition of the particle in double slits? I searched about it but only could find an answer saying that it’s a thought experiment.",Physics
0x2431,"In theory, they're just bits which have been shed my megakaryocytes – they don't have a nucleus and aren't supposed to have any mRNA. Here is where it gets interesting though! If you search for certain mRNA via PCR, you can actually find it! Learnt that first hand since I'm doing research with them right now. So yeah, it's complicated. And there's surprisingly little air-tight knowledge about them. I'm currently lookin into a receptor they seem to be one of the only immune cells producing it, which enables them to bind and respond to fungi infections. Exciting stuff!!",Non-physics
0x16,"Weak acids can definitely cause nasty burns and HF is no different. I've had a bad burn from conc ethanoic acid. HF is definitely dangerous based on acidity *and* toxicity. But OP seems to think HF is somehow spectacularly or unusually corrosive which is a pretty common belief. There's the urban legend about a chemist putting their arm in HF by mistake and their arm disappearing without them noticing because of the ""nerve damage"".",Non-physics
0x46e,"It will be aluminium oxide and is perfectly safe unless, apparently, you inhale it - even then you’d have to inhale a tonne of the stuff. \nSome people here claiming that aluminium oxide is toxic should just keep walking until they fall of their flat earth",Non-physics
0xe08,"I did a PhD in quantum field theory and cosmology (not very applied), then learned machine learning and graph analytics. After that I got interested in financial modeling (quant finance). \n\nI was offered many good positions in financial industry, machine learning, data science, basically any job where you need to know statistics, mathematical modeling or machine learning is great for physicists.\n\nWhich pays the most: financial industry, quantitative finance (Wall Street style). The first physicists that developed trading strategies were particle physicists (book: My Life as a Quant, E. Derman).",Physics
0x2715,"Serial dilutions would be a good idea. Research some literature reports to get a general idea of the dosage required to cause plasmolysis firstly, then carry out your dilutions to get a suitable range for the experiment. You ideally want your lowest concentration to have no effect, and your highest to have an effect. Then when you have your data, you can extrapolate what minimum concentration will cause plasmolysis",Non-physics
0xb61,"Covid is mainly transmitted via air = inhalation into the lungs. There's a low risk of infection via contaminated surfaces and oral ingestion, made even lower if you're vaccinated. The whole ""don't touch anything, disinfect!"" warning is a left over from the beginning of the pandemic when nobody knew what was going on.\n\nSo, I'd say the risk is very low. You're far more likely to contract a normal stomach bug that way. Washing your hands and disinfecting surface (like your phone) regularly is good, but don't overdo it! Compulsion to wash (your hands) is a psychological illness.",Non-physics
0x25db,"The professor is giving you values without units? I guess I would need an example to give a sure answer, but in most cases for something like gen chem, that would be a mistake on the part of whoever wrote the test.",Non-physics
0x1e99,"It is just a formal notation. NO3^(-)-N means somehting like ""nitrogens in nitrate"". \n\nExample: you are testing a 10 L soil sample for nitrate. You get 1 mole of nitrate es result. The mass number of nitrate is 62 u, the mass number of nitrogen is 14 u. If you are now calculation the mass concentration you would get \n\n- c(NO3^(-)) = N*62u per 10 L\n- or c(NO3^(-)N) = N*14u per 10 L\n\nnote: N is the dimensionless avogadro number\n\nSo in easy words: it's nitrate just calculated like nitrogen. This is often used in enviormental chemistry, food chemistry and other related fields, because upper limits are often defined via a max nitrogen equivalent. This has the advantage, that you dont need strict limits for e.g. nitrate and nitrit (because both may vary a bit but still be good or bad) but you can regulated via using limits for easily detectable species.",Non-physics
0x344,"Need some advice for my sister who is a Chem major. She's unsure if to switch to BS in Chemistry or stick with BA for her career goals.\n\nShe's most interested in nuclear chemistry but could also see herself working as a food chemist as well. Earlier in college she was planning on going to Pharmacy school but has some reservations since she claims to not be good with biology. However, she doesn't want to close the door on it completely and may consider Pharmacy school again if she can't find a chemistry position.\n\nHer university offers a BA and BS degree in chemistry. After going through her potential timelines, there are only a few differences. The biggest difference is that BS degree only accepts two semesters of Calculus based Physics. While the BA accepts two semesters of college physics (algebra-based?). The other difference is that BS requires two semesters of research OR an internship. But BA doesn't require either to graduate, though she will obviously still try to get an internship if possible.\n\nShe already has one college physics course completed and I'm personally thinking she should just stick with BA but I don't want to give her bad advice. It's possible switching to BS may add another year to her schooling due to the possible research requirement if she doesn't get an internship. But if a BS in Chemistry makes her resume much more appealing, then I may advise her to switch.",Non-physics
0x193,"Not necessarily, if it's isopropyl then maybe the rest is just water, but if it's ethanol denaturating agents are added to make it undrinkable, some of those are volatile like methanol and methyl ethyl ketone, some are not like denatonium which may mess up food",Non-physics
0x1ee8,"I guess I don’t understand what you’re trying to do considering it is not that the number of atoms and life are difficult to correlate, it is that they don’t. If you want to know the minimum number of atoms something needs to be alive, then I suppose you may find the living organism with the fewest atoms. While this will give you a number, it still does not provide any sort of baseline number of atoms we can use to consider everything larger as living. We already know there are non-living things with many, many, many more atoms than some living things.",Non-physics
0x2322,"Ok, so by adding a 3rd field they are able to fit galactic rotational observations and CMB.  Does it account for why otherwise similarly massive galaxies don’t have the same amount of apparent dark matter, or is it going to require as many additional fields as there are observations that don’t fit MOND?  I mean, you can make any theory fit if you add enough parameters.",Physics
0x27f0,"Essentially, it is the change in volume between the transition state and the reactants. Formally, it is defined as -RTd(ln k)/dp. It thus gives an indication of how high pressures influence reactions.\n\nThough keep in mind, this doesnt account for a shift in the PES and isnt just a real volume, but a combination of van der waals shrinkage, electrostriction, electronic compression, ...",Non-physics
0xa1d,"If you define sex as the biological program to procreate then anything not heterosexual (within two sex species) will be a ""mistake"" or another term used. However, if the activity is pleasurable and continued over time then you could begin to make the argument that, while reproductively a dead end, the behaviour is common through life and this represents a new social norm. \nYou need to find gay dolphins or other species that maintain the behaviour through life and, at the very least, they'd to indulge in sexual activity both ways (bisexuality). \nI don't know enough about any particular species to know this, but it'd be an interesting project. \nIf humans can have attraction for the same sex, then I don't see theoretically why biologically it might not happen in other higher mammals.",Non-physics
0x1252,"The journal doesn't normally analyse the data, they review the manuscript and the data that is presented. The way it works is that you submit a paper to a journal and the editor makes a decision on whether or not the paper should go to peer review. If yes, then the paper is sent to somewhere between one and three referees, who ideally are experts within the field, and who thoroughly scrutinize the manuscript and the presented results. That doesn't involve them re-analyzing the data, partially because that would simply be a too time consuming a process to have as a standard practice. Instead it is taken on good faith that the data was not fabricated (of course, patently absurd results would require more proof). One reason this is fine is because any result important enough to be replicated _will_ be replicated, and if other groups are unable to do so that will raise concern (which is what happened in this case). In very unique cases such as LIGO, where it's not feasible or even possible for other groups to replicate the results, more care has to be taken to ensure the authenticity of the results. In the case of LIGO, several of their recorded signals have been corroborated by radio-wave detection of the same events, which makes them more plausible.\n\nThe tl;dr is that a published article is not a stamp of truth, it's at best a stamp of rigor, but rigor is not infallible.",Physics
0x1ca8,"Necesitas tener un objectivo. Habrá muchas veces cuando utd. Quiere Lorar y gritar. Su objectivo is la motivacion para continuar . \n\nYou need to have a goal in mind, there will be many times you want to scream and cry, but your goal is your motivation to keep going.",Non-physics
0x21a6,"But the counterintuitiveness is not yet answered as the downward force on the left side due to the added weight doesnt seem to be balanced by me having to lean left. In any case i should all the more topple left intuitively because i am having to literally lean left with the weight added on the left of the bike \n\nOkay consider a frame by frame analysis, what happens when the weight on the left side of the handlebar causes the handlebar to rotate left and the bicycle trajectory to curve towards the left. My body was still travel in a straight line due to inertia. From the bike’s perspective my body’s center of gravity would no longer be centered on the seat and tires and would start to cause a torque which tilts the bicycle right. The tilt causes the handlebar to then straighten out which aligns the bike’s trajectory to my body’s and therefore the bicycle continues on forward. But what’s left behind is the tilt, still being uncorrected and so I have to counterbalance counterintuitively to my left on the same side as the added weight so the bike doesnt topple as it is travelling straight ahead",Physics
0x15ec,"Latent exotheric reactions: in the lab you feed/charge a chemical and the exotherm is apparent, but at scale up the exotherm doesn't stop when you stop feeding. \nHeat exchange: the larger the vessel the worse your heat exchange is (generally) usually this changes your feed times and your warm up and cool down periods. This can cause problems in a lot of different  ways\ngas evolution: making small amounts of gas in a hood vs. Tons of gas at scale and what to do with it. \n\nWork ups: I've seen beautiful aqueous organic separations turn into thick emulsions at scale, and I've seen otherwise fast filtrations take over 24hrs (also seen the opposite). Things that crystallize on the bench top with no effort can require seeding and temperature manipulation to crystallize at scale. \n\nUsually ""a chemical reason"" to not do something on scale is because certain chemicals are extremely toxic and using large quantities is unsafe/impractical.",Non-physics
0x1a86,"We manage to create disasters from much shallower wells. Like the Macondo spill in the gulf of Mexico (Deepwater Horizon) or the Sidoarjo mud flow triggered in Indonesia by drilling through overpressured muds. Both caused by cutting corners and compromising safety factors.\n\nI'm confident in our ability to drill safely, but accidents still happen.",Physics
0x1b2f,"That’s a BassMaster 5500, it’s a lot of lure but if there is a bass around big enough bite you are in for fight, available at Walmart and Amazon.",Non-physics
0x16f,"We've all heard MOND.  We've all read MOND.  We all love and know MOND. \n\nBut there's a problem.  We have discovered galaxies that do not have dark matter.   If galactic rotation curves were the result of some as-yet-misunderstood aspect of fundamental physics (and not dark matter), there would never exist any galaxy that violates the anamoly.   This follows directly from the fact that all galaxies are subject to fundamental physics.       \n\nBut we have found at least 13 galaxies who have regular rotation curves , as given by a naive application of gravity.   The way astrophysicists interpret these as that they are ""galaxies without dark matter"".   \n\nAnother, and equivalent, way of stating this :   If dark matter did not exist, there would never be a galaxy that *does not* have it.",Physics
0x2744,"he's not referring to the f-block being placed below the rest.\n\nHe wants to know why the elements with their highest energy electrons being in the 4f orbitals are not placed with the 4th period elements but instead go with the 5th period elements.\n\nThe answer is:\nThe outermost occupied ""shell"" (if you so want) in these cases is the next higher level s sub-shell.\nSo, for an element with electrons in 4f, the valence shell is the fifth, since there are electrons in 5s too.",Non-physics
0x13d7,"Here is another [Harvard](https://www.health.harvard.edu/blog/wondering-about-covid-19-vaccines-if-youre-breastfeeding-202109032584#:~:text=%E2%80%A2%20When%20a%20person%20gets,against%20COVID%2D19.) statement, discussing how the antibodies produced from a vaccine can benefit a child through breastfeeding.\n\nIt would appear there are a lot of people asking these kinds of questions.",Non-physics
0x21a5,"Either way, both degrees are going to have you follow a career specific track. I’m a professional chemistry major and I’m still taking a bio chem class so the fields are intertwined for sure.",Non-physics
0x1c71,Unfortunately the carbon in the ocean is making it hostile to calcium carbonate using animals. This is actually worse than warming. We are on the verge of dead oceans. We need to remove it from the water.,Physics
0x125e,"For all your big question, I strongly recommend the app Seek. You can scan the species you want to know with the built in camera function and take a photo of it to keep track. It works for both animals/bugs/plants! Enjoy!",Non-physics
0x12e,"I’ve crawled under a 500 MHz with earrings on many times, you’ll be fine. It tried to steal the wrench out of my hand but I didn’t feel my ears do anything weird lol",Non-physics
0x254b,"If you watch a video of a projectile arcing under gravity, and you then watch the same video but in reverse, the motion can be described by all of the same physics, and you can't tell which one was reversed.\n\nMeanwhile, if you watch a video of a cup of ice water melting, and you watch the same video in reverse, you obviously *can* tell which one is reversed.\n\nThe first system maintains time-reversal symmetry while the second does not.",Physics
0xe1e,"Welcome to this puzzling problem set\n\nI am currently doing a reaction in the lab, where I am working with a molecule that contains the moiety shown above.\n\nUpon treatment with base (Carbonate Buffer at ph 9 and 10 as well as in DMF with DIPEA) there are peaks/masses appearing on the LCMS and also it seems like the cleavage of the Thioester just stagnates after a certain point.\n\nIt took me a while to develop ideas what byproducts these masses on the LCMS could belong to\n\n**a:** shows the molecule before treatment with base. This mass also appears after treatment with base which I find quite confusing because I would expect the thioester to be completely broken up\n\n**b:** shows the molecule upon treatment: the thioester is cleaved and the thiol is freed (I also see the mass of the disulfide of b)\n\n**c:** shows the mass of my product without the acetyl-protecting group on the amine. This is something I find super surprising – why should the acetyl be cleaved off? It's an amide, so…super stable? I know what you are about to say: maybe it's just something that happens in the LCMS through ionization! 1. there was an extra peak for this mass in the UV and molecule e also kinda proves that c really exists.  \nAlso, I expect **c** to undergo an S-N acyl shift, so I would obtain an amide and a free cysteine (**shown in d**). They do have the same mass\n\n**e** would be the disulfide formed between the free Thiol of b and d. Upon addition of TCEP to the mixture this mass vanished. This would also prove the S-N acyl shift theory\n\nSo:  1. why is there deacetylation happening in the first place?\n\nAnd here comes the biggest question mark: I have 3 substrates, they all look quite similar to a except they don’t have an acetyl-protected amine (they don't have an amine close to this position at all). Still, they all show these weird rearrangement (or whatever) masses. This would speak for another part of the molecule participating in these side reactions. (the structures drawn above are just interpretations of the masses based on the original molecule)\n\nDo you have any other suggestions about what could happen? Is there another shift I don’t know of between Amides and thioesters? Could the secondary Amine participate in this reaction (because the secondary amine is also present in every substrate)\n\nI am very confused by the outcome of this reaction and any ideas or suggestions would be very appreciated!",Non-physics
0x14ea,"I live in the same part of the state and have been seeing them around too, glad you cared enough to ask so I could learn something too",Non-physics
0xc2e,"Sorry I can't let this go...  Logical Fallacy above...  \n\nFire -> Reaction -> No Mass -> No Gravity\n\nFlame, other components required to make fire, other byproducts as a result of fire -> Things with Mass -> Gravity",Physics
0x1357,"It's probably my perspective too because I lived in London (250+ ppm) where it's way harder than anywhere in Australia (Adelaide is the hardest with 130+ ppm). By world standards, Brisbane and Adelaide are hard but it's not exactly unusual.\n\nI can definitely tell you that in London, it's very noticeable and there's limescale basically everywhere. Even my water bottle was building up a lot.",Non-physics
0x114c,"Instead of a photon carrying information about where it came from (objects in front of your eyes), it would carry information about where it is traveling to (objects behind your eyes)\n\nSo you would see light sources if you turned away from them and looked in the opposite direction.  Same goes for reflective surfaces.\n\nMy thoughts are that the colours will not be inverted.  But I do think things in front of you would look like they’re behind you and vice versa",Physics
0x1e5d,"so why the bi-prefix. I havent gone over prefix's yet but I remember them corresponding to the coefficient or subscript, both of which dont seem to have a direct link in this case",Non-physics
0x3c7,"If you're breathing pure helium you're not breathing oxygen. The helium doesn't kill you, the hypoxia does.\n\nAs long as you can still breathe *out* carbon dioxide, your body won't even notice the lack of oxygen. It's too much carbon dioxide in the blood that triggers that suffocating sensation and rising panic, not insufficient oxygen.",Non-physics
0x1f7f,"As you go deeper and deeper into a gas giant, the gas around feels more and more like a solid, until it *is* solid. You just can't tell when exactly the transition happens; it's not a sharp phase change at some altitude (which would define a surface), it's a smooth crossover that happens over some distance.\n\nIn other words, instead of having a near-instantaneous collision when you hit the solid surface, you have a stretched out collision over some distance.",Physics
0x2315,"In my opinion she's definitely a contrarian and as a consequence also attracts quacks who always knew that professional physicists were full of shit as part of her audience. But I like her as a counterweight to all the bubbly, surface level ""science fuck yeah"" kind of pop science (which I also don't have a problem with generally, but I think some more ""critical"" science communication without drifting into anti-science stuff is overall a good thing).",Physics
0x1201,"I understand NMR dude... its literally just this one im stuck on. no need to be such an ass about it. If you don't have any insight on the problem for me, please kindly f off and carry on",Non-physics
0x17d5,"I personally would advise against anything than involves using bleach and vinegar consecutively, especially for something like this where you might not be able to wash everything out.",Non-physics
0x769,"Thank you.  I was thinking of Bell when I made the observations independent.  I know some hidden variable theorems have been ruled out by bills inequality, but as long as they are non-local they still seem to work. That tends to be the view that makes sense to me, but I was wondering if there was an obvious refutation I had missed.  Your answer definitely helped point out other things for me to look at.",Physics
0x26b0,"Always read the sub's sidebar before posting anywhere on reddit:\n\n""Discouraged or not allowed:\n\nHomework problems\n\nQuestions that are specific homework problems or calculations should be redirected to /r/AskPhysics or /r/HomeworkHelp. Neither asking nor assisting with homework is allowed here.\n\nAlternatively, try Physics Forums instead.""",Physics
0xab8,"Eeeeh, dark energy being the vacuum energy requires a lot of finesse to work: we just don’t know enough about what exists between Higgs boson energies and Planck mass energies. With current knowledge of the standard model, a naive calculation gives probably the worst prediction ever known in physics.\n\nI guess I’m not sure what you mean by “just exist”. I mean, I’m fairly convinced dark matter is actually that: some new matter or particle or otherwise transparent object in the universe. It’s getting harder to justify modifications to gravitational forces at different scales. If by exist you mean “is a particle” I probably agree. But what do you mean by “does more than exist”?",Physics
0x1eae,"Within the Standard Model of particle physics, electrons are part of a group of particles called leptons, which also includes the electron's heavier brothers the muon and the tauon, and their respective neutrinos. Electrons differ from muons and tauons only in mass: their charge and other fundamental properties are exactly the same.\n\nWe expect that the muon, being a heavier lepton, will decay into an electron over time, as will the tauon, which can decay into a muon or an electron. Importantly however, the Standard Model predicts that the decay rate from a tauon to an electron should be the same as the decay rate from a muon to an electron, up to a factor of their masses. As all the other properties between muons and tauons are the same, only their *mass* can affect the decay rate. This is called *lepton universality*, and it basically means that leptons only differ from each other in their mass, and interactions cannot depend on their flavor.\n\nA test of lepton universality is to take very heavy mesons, like the B meson (which contains a bottom quark), and observe its decay. B mesons will decay into K mesons by having their bottom quark decay into a strange quark, and this decay is mediated by the weak force, which allows coupling to leptons. Lepton universality then allows us to predict how many muons vs tauons we expect to see when these decays happen, and a couple of years ago we found a 2-3σ deviation from the theory, suggesting that lepton universality is not correct. This deviation was not large enough however to warrant a claim of ""new physics"" having been observed, for that we would need a >5σ detection.\n\nThe new results from LHCb repeat this 2-3σ deviation. It's consistent, but still not sufficient for new physics.",Physics
0xebb,"I can't drop it, if I fail I can retake it, but with the same professor. So I guess I'll just do my best, rip my gpa",Non-physics
0x3f2,"Let's say an enzyme is wrapped in lipid nanoparticles..... how could the enzyme be metabolized in a very rapid manner by either separating the lipid nanoparticles or  by other means such as ""neutralizing"" or making the substance inert",Non-physics
0x1480,">With 15% w/w HCl, it means for every 100g of water, there is 15g of HCl. \n\nNot quite, it means for a solution of 100g it contains 15g HCl, and therefore 85g water. i.e. 15% of the solution is HCl by mass.",Non-physics
0x72d,"Well i dont know how this explains the counterintuitive observation i made, that is the bike doesnt steer but tilts to the right when the weight is placed on the left handlebar. I dont know if it is always the same observation for different bicycle but thanks for the detailed explanation, definitely some things in there i could look in to",Physics
0x3eb,"Maybe, but it would be complicated. You can put a cuvette on a leaf and take periodic samples. Then use GC to analyze CO2 concentration in the cuvette. Photosynthesis would then be the rate of reduction of CO2.\n\nMuch easier to use an infrared gas analyzer (IRGA). CO2 absorbs strongly in IR. So it's a spectrograhic technique that provides continuous readings.",Non-physics
0x25be,"While checking this, found an nice article which describes in more detail. As well as a few advises how to burn it more safely if you still want to do it in your yard.\n\n&#x200B;\n\nhttps://flo-bro.com/save-the-oceans-burn-plastic/",Non-physics
0xe94,"A molecule is the ""smallest part into which a substance can be divided without destroying its chemical character"" according to Amedeo Avogadro (1811), who first applied the word to chemistry.\n\nIUPAC is a political organization subject to both the tyranny of the majority and linguistic decay. The document you linked sources from a *recommendations* document. It's sad that it gets something this simple this wrong, but it's probably not the only error in there.",Non-physics
0x1,Thanks! I only grow organic crystals so shapes like this confound me. What the heck does the unit cell look like for something like this? And does speed of crystallization have an impact on the final shape?,Non-physics
0x314,"“Everything that can be done has been done” LMAO\n\neven as just an undergrad I know how stupidly ignorant that is. Maybe not too much money in the field lately but holy fuck, weren’t people saying everything that could be done has been done in science like….hundreds of years ago??",Non-physics
0xabd,"Yes and no. One is basically as pure as you can get, completely devoid of all water. That’s what anhydrous means. The other is food-grade. It’s pretty much the same, unless you’re using it for synthesis, in which case you’ll most likely need anhydrous due to lack of contaminants in the leftover ""water"" that is removed in anhydrous formulations.",Non-physics
0x1106,"Having access to and being scientifically literate are not the same thing. His local doctor is blaming vaccines for health issues. Why would you say to just go to a doctor? He'd be better off talking to a molecular biologist, or someone in a scientific field where you need to be scientifically literate to do your job.",Non-physics
0x1cfc,"I dont wanna make this a discussion, but we are hybrids ourselves.\n\nOur extremely complexity over Animals with at the same time many similarities with them makes it an antythesis, we have something that Animals dont have.\n\nThe only possible explanation How we got this something is from our old planet where we were completely different and behaved more like robotic psychics.\n\nSo human = earthling + ? Ing\n\nHow we could name our home planet? We could have a technical therm Just for us, from the mixture of the two planets names, instead of the old self centered conservative ""we are animals"".\n\n\n\n\nAgain, this is extremely important for the future, we need to find proper definitions for that.",Non-physics
0x1ab5,"I guess I just meant the first lab I worked in didn't have dry ice delivery available, and even if we did, we didn't use it that much. We would need maybe a pound at a time two or three times a month. We would keep two co2 bottles for n hand and when one ran out, we'd replace it, much less time and effort than driving to the store.",Non-physics
0x1680,"I believe the OP is alluding to the fact that it seems like this is the fastest spreading virus ever known to humans.\n\nhttps://tdtmvjournal.biomedcentral.com/articles/10.1186/s40794-020-00129-9\n\nSince it can get to many different hosts in so short a time period, could this be part of the explanation as to why their could be so many mutations in a short period of time?",Non-physics
0x230,"Could you elaborate? What do you mean by point?\n\nAlso, just to make sure you understand: temperature is a measurement of how much energy is in a substance (with some caveats).",Non-physics
0x2dc,"Carbon monoxide actually binds to hemoglobin in the blood, and much stronger than the O2 adduct. So whereas carbon dioxide displaces O2 in the lungs causing suffocation, carbon monoxide prevents O2 from being taken up by the blood, effectively shutting down respiration entirely.\n\nEdit: I should add that CO binding to hemoglobin is irreversible, so simply removing the person from the point of exposure does not reverse the effect unlike the case with CO2",Non-physics
0xd34,He does it in one of his videos. I also did it in physics undergrad. You simply use enough filters that it becomes extremely unlikely that more than one photon is in the apparatus at once.,Physics
0x509,"Well no, the point is the cat has nothing to do with giving a good model of reality that's useful. Toy models are just that. Toys. Examples and memorizing the details is not a substitute for the actual mathematics of the subject itself.\n\nI would recommend reading this https://www.scottaaronson.com/democritus/lec9.html",Physics
0x2619,"800°F is equivalent to 426°C, which is 699K.\n---\n^(I'm a bot that converts temperature between two units humans can understand, then convert it to Kelvin for bots and physicists to understand)",Non-physics
0x1e47,"Okay… right now I’m in AP Calc, where I might be asked to show a function is differentiable, continuous, fill in the blank, at a specific point. Very basic foundations of pure math from what I understand, I’ve only known how to derive for 3 weeks (and I must say power rule is a beautiful thing). I look forward to the challenge of proving properties of math.\n\nI’m intensely interested in higher dimensional math. What class might you recommend after Calculus 3 that will push me in this direction?",Physics
0xaa8,"At my undergrad they offered a chem major with a bio chem option. It was basically all the in depth chemistry that comes along with the major, plus the advanced biochem courses/genetics. But to mirror what everyone is saying, think about what you want after. If you want to do chemistry, do that as your major.",Non-physics
0x1e24,"So is there anything specific they are looking for at this energy, or is it just testing to see if all the machinery and sensors and stuff works before ramping it up?",Physics
0x20d,Makes sense if it was yea I'm not oo sure mate. \nYe I have no idea about the plant part hence I left it out. Assume it works in a similar way as all plants need energy and use ATP,Non-physics
0x180,">my teacher said that if an object were to reach 0º Kelvin then the matter would cease to exist.\n\nThe unit is K for Kelvin, not °K.\n\nA general rule in math which is also widely applicable in physics is, that if you assume something, which is wrong or in violation of general principles of nature you can basically deduct anything from that. Those deductions are neither true nor false but mostly meaningless.\n\nFor all we know, it is not possible to cool an object to 0 K. Not because we aren't technologically advanced enough but because it violates fundamental principles of physics.",Physics
0x8ce,"If ya trolling- lol\n\nIf you are for real- Make sure the snail isn't poisonous or venomous. It's probably safe but it isn't gonna give you the experience you want, just get lube xD",Non-physics
0x15fd,"Happy to help! Spiders are my jam, and it was a fun little rabbit hole. I’m glad you finally have a name for your pretty little “monster”.",Non-physics
0x507,"Again, most of the population is intolerant. In addition, if you want to go to a rabbit whole we can go. In order to keep producing milk we have to modify the behavior of cows, goats, etc. Modify it in a way that we makes them belive that the calf stil need milk. I am not pro or agains milk it is just not biologically sound to drink milk. That is it.",Non-physics
0x7c,"Thank you- this stuff looks very interesting. The only positive science story?! Surely you jest- I've read about ultra reflective white paint (reduces temperature and energy usage), a team just discovered the molecular process that happens when acute pain turns into chronic pain, and another story that it's a possibility to reduce the decline into dimentia with certain antioxidant diets over time etc.",Non-physics
0xb8e,Went out with my ecology class a few days ago and found a lot of these! And a few destroying angels! Some scary shrooms out there!,Non-physics
0x1ed8,"The first time, yes. And the difference here is that you have an actual B-cell population producing the antibodies constantly from constantly transcribing their IG gene. Not a handful of mRNAs that cannot be replenshied.",Non-physics
0x4ab,"> I have no idea about what I want to be when I grow up\n\nBruh, I graduated 2 months ago and I still have no idea where to even begin.",Physics
0x2242,"Thanks, your interpretation was my initial interpretation as well. Then I convinced myself the part I outlined in blue changed that, and did the opposite. Trust me, this lesson will be drilled deep into my brain after this lol. I've never spent so much time uncertaint about something so simple",Non-physics
0xb42,"To observe something you have to interact with it. Think about how your eyes work: The way you see things is by absorbing the light that bounces off of an object and into your eye. Same thing with particles - the only way to see it is if you physically interact with it. This action “collapses” the wave into the location at which it experienced the interaction. You “see” a particle, but you’re actually just seeing the location when the wave function interacted with whatever you’re using to detect it.\n\nImagine a pond that is perfectly still outside of a single ripple from a stone you threw in. With your eyes open you can see its a continuous wave propagating throughout the surface of the pond. But if you close your eyes, and put your finger just over the waters surface so that the wave barely touches it as it passes, would you still be able to tell it was a wave and not a single drop of water touching your finger? Same idea with particles: they are waves, but our only way of interacting with them directly makes us see them as particles.\n\n(I think, lol)",Physics
0xeea,"The long answer to your question would be that your terms need to be properly defined. The short answer is maybe.\n\nThere are two distinct types of empathy: cognitive empathy, which is similar to theory of mind, the ability to understand how others think and feel. The second is affective empathy, which is sharing the physical experience of somebody else’s emotions. So, if somebody is feeling nervous, somebody high in affective empathy would also feel nervous. These are distinct traits. However, being high in either doesn’t necessarily mean you’re compassionate. Somebody could have high cognitive empathy, and just not care how others feel, or can justify their reasons for hurting others, or are supported by cultural norms or beliefs. Somebody with affective empathy might be overcome by their emotions to the point that they’re not able to be compassionate because they’re overwhelmed.\n\nFurthermore, the trouble with compassion is that we are not equally compassionate to all people in all contexts. I recall something from Sapolsky’s ‘Behave’ about women who have stronger ‘in groups’ display more empathy among each other, but show equal fear and disdain of out groups. So those who are more empathetic to their friends, are also less empathetic to strangers. Should we call that person ‘high empathy’ or ‘low empathy’? Neither seems to fit and the label is meaningless without the understanding of the context.\n\nSo, the question is kind of unanswerable because its too general. Studies of human behaviour are only meaningful within the context of the study and can’t be easily extrapolated.\n\nIn common parlance, ‘empathy’ is just a pseudoscience term for being a nice person. But, what is ‘nice’ is culturally relative and dependant on who we’re meant to be ‘nice’ to.",Non-physics
0x26a,"Look into water treatment. Drinking water or wastewater. I’ve got an MS and I’m grossly overqualified, but the pay and benefits are good. It’s super easy and I’m set up to be the boss in a few years when mine retires. Someone mentioned breweries. Look for any in your area and search their websites for employment listings. And as others have mentioned, definitely look into revamping that resume. Good luck.",Non-physics
0x1d20,"Damn. Can you link a source to that?\n\n\nChemistry was also a mind-numbing field. Finishing up my PhD. Most people have very interest in learning, just pump out shitty papers non stop.",Non-physics
0x1b42,"I apologize for the confusion. I was referring to when a mass approaches a black hole’s event horizon, is it a different distance from the center of the black hole for different mass objects. Would a planetary object whose crossed the event horizon be at the same distance from the center of the black hole as something much smaller in mass, such as a human body or a beam of light.",Physics
0x1453,There a numerous examples of penguins taking same sex mates and bonding for at least a significant amount of time if not life. In other bird species as well I believe,Non-physics
0x2821,"Forgive me for putting myself out here to answer your last question. I make animations about molecular biology. www.youtube.com/biocinematics.\n\n\n I only have a handful of videos so far because I don't have the audience size to be fulltime. However a large proportion of the comments say my videos are very underrated, so I'm doing something right.\n\n\nI try to make animations about things that really benefit from seeing the biology/chemistry, like diffusion and macromolecule structure, and I have a masters in science communication, so I think carefully about the design and presentation and ensure the narration and visuals complement, rather than distract from each other.",Non-physics
0x2d4,"Oh, by the way, I assumed you want to educate yourself on college-level physics. If you are not interested in that, I'd recommend you to check [this comment](https://www.reddit.com/r/seancarroll/comments/nkez9t/comment/h0aqsqx/?utm_source=share&utm_medium=web2x&context=3) where I shared some great YouTube channels and there might be some that will interest you.",Physics
0xc82,Generating energy what!?!?!?!??!\nAm I high or does that make it sound like some kind of perpetual motion machine when that is clearly not what is happening here?,Physics
0x427,"Not really. The vast majority of the physics we know today comes from experimental data analysis first.\n\nThis doesn't mean that we only add random parameters but the first stage in writing new physics is describing the phenomenon and make the math work. Then afterwards you can prove a more comprehensive theory that gives you the intial explanation as a result and that hopefully has some observable aspects that can help you verify it is actually correct.\n\nThis is not a ""new"" thing, the evolution from just describing motion to Newtonian physics to only afterwards the Hamiltonian equation is an example. Or Bohr and Planck ""inventing"" discrete energy and angular momentum before quantum mechanics was a thing to explain some experiments.\n\nAnd after you've done all this you still have to verify with experiments that you theory is correct. You could potentially have you hundreds of different theories that all give you the known physics as limit cases but still are fundamentally different, you can't just choose one unless it is able to predict something you can't already explain. And right now that's difficult because experiments going beyond the known phenomenons would cost trillion of dollars. So we're stuck trying to fit what we already have observed until someone is able to make sense of it",Physics
0x1811,"Have you considered that these dates may refer to the limitations of the storage containers themselves? Also some of these dates may be shelf lives and not necessarily expiration dates.\n\nOver time there will be loss of water through the plastic and/or around the cap through the mouth of the bottle. This will be the case even for previously unopened (and taped) bottles. At some point, the concentration of analyte inside the bottle will be far enough out of spec that the results are no longer reliable.\n\nIf the bottle has been opened and used regularly, then you also to consider have increased CO2 absorption which will cause the pH to drop. There's also a human factor to consider, with risks such as potential contamination and poor resealing of the bottle, which will degrade the quality of the standard.\n\n[https://www.inorganicventures.com/guides-and-papers/shelf-life-vs.-expiration-date-of-a-chemical-standard](https://www.inorganicventures.com/guides-and-papers/shelf-life-vs.-expiration-date-of-a-chemical-standard)\n\n[https://www.yokogawa.com/us/library/resources/faqs/what-is-the-typical-life-time-of-a-buffer-solution-and-after-the-bottle-is-open/](https://www.yokogawa.com/us/library/resources/faqs/what-is-the-typical-life-time-of-a-buffer-solution-and-after-the-bottle-is-open/)",Non-physics
0x2087,"When you say ""read similarly"" I assume you mean they are co-eluting and you can't separate them?\n\nThere are lots of things you could try for HPLC. All the better if you have access to a UPLC. I'd try to find a column that will allow you to maximise your plate count vs your running pressure. Maybe try a few different Halo columns in smallish diameters/particle sizes with reasonable flows on a slow gradient (rate of change 1%/min) and just inject a reasonable amount of sample down it and see what you get.",Non-physics
0x161d,I think not only for generating energy with turbines on the way down but for water distribution systems this would be great although I know expensive/impractical to set up,Physics
0x987,"I took the humor/sarcasm in the title to be along the lines of flat earthers running a model to prove their selves right,  just to prove that they're actually wrong. \n\nI don't see anything wrong with the title as it uses wit and sarcasm to tell the audience that he's sort of embarrassed by being on the wrong side of physics. This is further supported by the conclusion being put in the title,  as if to drive home the fact that he was wrong. \n\nThe ""model checking reality"" implication is clearly a self deprecating joke.  His audience isn't a 2nd grade science class, but actually a group of people that have likely experienced many physics realities first hand, if they haven't also received any formal physics or programming education.\n\nI don't mean to rant, but when none of the comments are providing ways to improve the model or make it more realistic, but are instead focusing on the title, then I think the comments become hypocritical. What's a greater distraction from physics, the humorous title, or the entitled comments about the title?",Physics
0x23db,Maybe it's bonded with other elements so it won't have any effect on our bodies\n\nJust like sodium chloride (both are harmful unless they are bonded together),Non-physics
0x2786,"Long-Covid prevalence varies hugely between studies, due to differing definitions and survey designs. It's plausibly comprises [a majority](https://jamanetwork.com/journals/jamanetworkopen/article-abstract/2784918) of all hospitalized patients.\n\nFew of the studies are large enough to have a large cohort of the under-30 and the non-hospitalized. In the [React-2 study](https://spiral.imperial.ac.uk/bitstream/10044/1/89844/9/REACT_long_covid_paper_final.pdf), about 30% of those who contracted symptomatic Covid 19 at ages 18-24 still had symptoms 12 weeks after their initial symptoms. That's probably an overestimate of Long-Covid prevalence, as 1) it doesn't consider assymptomatic infections, and 2) it mostly predates vaccination, which reduces severity and post-acute sequellae.",Non-physics
0x1da1,"Thank you a lot, that's very informative! Honestly, I am not against the vaccine myself. I recognize that they are not morons ,the scientists, I want to be one myself, and if they did make something to make a lot of people die it was most probably a mistake. It's just that my parents are against it and my knowledge on it is very limited still, but they are listening to some random scientists that said what I asked.\n\nThank you a lot for helping me learn something new.",Non-physics
0x24cb,"I don’t think so, her mom isn’t pushing her to use birth control or anything and even told her that she was crazy for wanting to take birth control and still use a condom. I can confirm she said this.",Non-physics
0x15e1,"Ripping the wings off that dragonfly would be like if I ripped your arms off, you would die a slow and PAINFUL death. \n\nThe best way is to let it die.",Non-physics
0x238e,"So it sounds like your less confused about why it's exothermic and more confused about how a metastable system can change phase exothermically. But the thermodynamics doesn't care. Thermodynamics only states how energy will change eventually, there's absolutely no timeline on that change. In other words, thermodynamics states that when the solution crystallizes, it will be exothermic by X amount. That could happen immediately if you cool it too fast and don't achieve that metastable state, or it could happen the moment you give a metastable state a nucleation site. That energy is coming from all the interactions formed and lost (lost interactions with water, gained bonds between ions, in this case), so that energy comes only comes into play when it actually crystallizes. \n\nI'm not going to explain why crystallizing sodium acetate is exothermic here. But if that's what you were really asking, just say so and we'd be happy to answer that.",Non-physics
0x2c7,My Bad its Not that i want to preassure him its more like a Discussion and i just wanted to Proof That his concerns are Not valid from a scientific Point of view- if he still says no to the vaccine im okay with that :),Non-physics
0x2295,"They may not be a living person, but the body still belonged to a person. It's not some random thing that was manufactured in a warehouse.",Non-physics
0x2132,"If it was travelling at twice the speed of light, then in 10 seconds it would have travelled 20 lightseconds.\n\nIt would be 10 lightseconds behind you.\n\n> we agree total travel time is 20seconds @ 0.5c then how do you arrive @ 5ls away @ t=10\n\nSo, at t = 20, the total distance travelled is 10 ls.\n\nMeaning at half the amount of time, it's travelled half the distance.\n\nHalf of 10 is 5.",Physics
0x829,"Leave it alone. It’s either at the end of its life or the beginning of its adult life (they’re also immobile briefly after molting during this time) either way, there isn’t anything you can, or should, do. But I think it’s sweet that you want to help it.",Non-physics
0x23a3,"I love Niles stuff, I think he just aims for it to be more accessible to everyone, so it's less detailed. \n\nTom's gotta be my all time favorite though!",Non-physics
0x181a,Just read it. Google what you don't understand as you go along. It might take a hell of alot of queries and time to read the whole paper but it will be worth it. The paper could be your motivation to learn something you wouldn't normally learn.,Physics
0x109f,"The tertiary structure if a protein is due to the interactions of those side chains of the amino acids that make the proteins up themselves i.e. a side chain with “like” charges are going to repel while opposite charges can form an ionic bond through the transferring of electrons\n\nMore specifically, amino acids with polar side groups are hydrophilic (water-loving) and tend to be on the surface of the protein through it’s interaction with water making it soluble in aqueous solutions. In contrast, amino acids with non-polar side groups are hydrophobic (water hating) and aggregate in the core of the protein itself.\n\nHope this helps :))) Im a high school bio teacher and have my masters in bio 🥼",Non-physics
0x1be1,"r/physics is not the right forum for homework problems.\n\n&#x200B;\n\n>Homework problems or simple calculations should be redirected to /r/AskPhysics or /r/HomeworkHelp. Alternatively, try Physics Forums instead. Neither asking nor answering (assisting in any way) homework questions is allowed.",Physics
0x2179,"😁 I’ll curiously await his next experiment with a pulsed laser diode - seems that a femtosecond laser is expensive, unless he can convince an ophthalmologist- or fluorescent light source so to avoid the coherent beams of the laser he was using now. Very interesting.",Physics
0x1616,Is this one of those terrible meme questions? Edison invented the lightbulb… not the fundamental movement of electrons. We created power stations and found a way to move and generate electricity. He took what he saw and made it usable for other tasks….,Non-physics
0x2284,A spatial light modulator can be used to generate a phase screen (ie. replace the film) which can be changed at the click of a button. (An SLM is an LCD screen whose pixels display a phase which varies between 0 and 180 degrees depending on the grey shade generated.),Physics
0xcff,"Yes; I agree! I just watched it, and it is not only fascinating, but it is the very best I have seen on the double slit experiment! Bravo!🌟",Physics
0x17cb,"Okay so again you’re super close. \n\nFirstly, v1 does not have to be 0, but the rest of what you said in the first part is accurate - principally, m1u1 remains the same, and KE before = KE after. \n\nYour total initial kinetic energy is coming solely from the moving cart (cart 1). The secondary stationary cart (cart 2) has zero initial KE. After an elastic collision, where KE is conserved, all that energy that cart 1 had is now shared between cart 1 and cart 2. Changing the mass of cart 2 shifts the proportions of how that energy is shared between the carts after the collision, but does not change how much total KE is in the system.",Physics
0xbdc,"That might be possible. Its pretty much what they do with bovine and porcine.  It may be worth looking around what they do there.\n\n\nAlthough, It might be easier and cheaper to screen a bunch of embryos,from the parents, to see if one doesn't have the mutation.",Non-physics
0x1944,"Yeah, that’s what I was mainly talking about too. Did you read my post past the first example? It applies about the same for flue streams as it does to atmospheric CO2, which is why I brought it up. The fundamental point is that when it comes to capturing carbon, the way the CO2 was generated doesn’t affect the energy required to capture it at all. \n\n(If you just feel like skimming the rest of this, see the paragraphs I say are the most important one. It provides links to journal articles which directly address what thermodynamic processes are important in determining the limits of direct air capture. One passage from one of the journal articles directly addresses and contradicts your claim.)\n\nDo you think that people who research carbon capture whether from coal/natural gas plants or from the atmosphere are just missing this very straightforward energy argument you’re making? Process chemistry analysis of the feasibility of carbon capture is done on all of these different capture environments. Have these people missed out on the apparent massive flaw in direct air capture? If you read such a paper, it even talks about energy requirements and related concerns for carbon capture. A conclusion you won’t find in this analysis is that “carbon capture is pointless because the energy required to capture the carbon is too high.” You can read this article (https://www.frontiersin.org/articles/10.3389/fenrg.2020.00092/full). Note the following quotation “Based on these studies, DAC is currently considered as an energy-intensive and costly approach for removing CO2 from the atmosphere. However, researchers believe that the high cost and energy consumption in such systems are mostly due to the immaturity of the technology, and hence DAC may be eventually considered as a viable option for removing CO2 from the atmosphere.” There’s no suggestion that DAC is futile because of thermodynamics restrictions. Perhaps you have a reservation about this journal (I know it’s maybe a little controversial - my main experience with it has been with a very high quality review article I read in it on a different topic though), in which case I’m sure you can find other articles on this topic in other journals, although the corresponding author’s google scholar looks legitimate enough. \n\n(These next 2 paragraphs are the most important part of my reply)\n\nYou can also check out (https://doi.org/10.1021/acs.chemrev.6b00173) which is a very well cited review on direct air capture. They even have a thermodynamics section toward the end. Note that they even mention the second law of thermodynamics, but the process they are applying it to is CO2 binding to the adsorbent and then having it unbind. Citation 28 of that paper directly addresses a theoretical lower bound for the energy requirements in section 2.1. Here’s a link for a pdf of it. (https://halshs.archives-ouvertes.fr/halshs-00003926/document) The paragraphs at the start of section 2 explain how the relevant thermodynamic process doesn’t involve whatever it was that initially put the CO2 there, but rather have to do with adsorption and desorption from the material. Note how they don’t even mention the source of the CO2 in the atmosphere. \n\nThat article in citation 28 even has this quotation “The ∼4 GJ/tC minimum may be compared to the carbon-specific energy content of fossil fuels: coal, oil, and natural gas have about 40, 50, and 70 GJ/tC respectively. Thus if the energy for air capture is provided by fossil fuels then the amount of carbon captured from the air can—in principle—be much larger than the carbon content of the fuel used to capture it. The fuel carbon can, of course, be captured as part of the process rather than being emitted to the air.” This directly shows that your claim is incorrect. \n\nI’m not trying to be argumentative for its own sake; your claim sounded intuitive enough that I figured people might read it, think it sounded right, and then move on with a very misinformed opinion on direct air capture. In another thread on this subreddit I even saw a similar claim to the one you made being made, so it seems like others find this type of argument compelling, but I’m not sure where it’s coming from. \n\nRegarding your other point, I don’t understand why the main thing you responded to had to do with the greenhouse effect either. Obviously CO2 is a greenhouse gas. My point was that the CO2 that gets captured may or may not be in an excited vibrational state when it gets captured. Ultimately, it doesn’t even matter for the rest of the argument though. The 2 main paragraphs above show that your thermodynamic argument is incorrect with peer-reviewed journal articles.",Physics
0x1af2,"This is a hard problem to answer precisely. It is sometimes called the protein folding problem. However, there are physical tendencies and regularities that can be used for understanding.\n\nFirst and probably easiest regularity is that the core of a protein (the part not exposed to the water solvent) is predominately hydrophobic. One way to think of it is that water don’t want those aliphatic chains messing with the nice hydrogen bonds, so amino acids like leucine, iso-leucine, methionine, phenylalanine are pushed away from contact with water. \n\nConversely many polar amino acids, like glutamate, lysine, end up at the exterior of the protein in contact with the water solvent.\n\nMinor note, there are membrane proteins that cross cell membranes. These membranes are hydrophobic in nature, and in those cases the regularities above are inverted. But I limit myself to discuss proteins that are mostly in contact with water inside and outside cells.\n\nHowever, the backbone of a protein contains polar groups. It can be attractive sometimes to bury a polar amino acid side-chain in the core too, and to bind with the buried polar groups. For reasons I will not get into here, buried hydrogen bonds can be very strong. If you find a protein with a buried hydrogen bond, you can expect that to be an important bond to stability or possibly function of said protein. Sometimes you can even have buried “salt bridges” where a negatively charged side-chain (like glutamate) is interacting with a positively charged side-chain (like lysine), and those will be quite strong.\n\nThere are a few special-case amino acids. Proline for example has an odd structure in that its side-chain binds to the backbone twice, not just to the alpha-carbon. Proline tends to “bend” the backbone differently from other amino acids. Therefore if you have one or several nearby prolines in the sequence, that very likely corresponds to a place where the protein forms a loop in terms of its tertiary structure.\n\nAnother special case is glycine, since it lacks a side-chain entirely. That leads to a more flexible backbone. \n\nAnother special case is histidine. This is an amino acid that has a pKa close to physiological pH. That means that by modest changes to the environment, this amino acid can flip between uncharged to charged. You can think of histidine as a way to functionally encode a pH switch. That means histidines tend to show up in places where some such functionality is needed. Great example is the FcRn binding of antibodies.\n\nAnother special case is cystine. This is the only amino acid that can form a covalent bond between side-chains. So called sulphur bridges can form between pairs of cystine side-chains. Covalent bonds are strong and add a great deal to protein stability. So again, if you see cystine amino acids in the sequence, they are often going to become part of sulphur bridges with other cystine amino acids in the sequence of with other chains in a quaternary structure.\n\nA key point in all this is that the tertiary structure is determined by interactions between pairs (or higher) of amino acids. You can therefore never fully say what one particular amino acid side-chain will end up in the tertiary structure. You can say some things to be more or less likely based on the regularities above. However, to say anything with more certainty requires more careful analysis. \n\nLet me take one special observed regularity. The so called [leucine zipper](https://en.wikipedia.org/wiki/Leucine_zipper) is a motif wherein leucine appears at every seventh sequence position for some stretch. This can be explained as it leads to very favourable dimerization of two helices such that the leucine side-chains “zip up” very well together (recall they are highly hydrophobic). So if you happen to see a handful of leucine amino acids spaced seven positions apart in the sequence, you might guess that’s going to be part of a tertiary (or quaternary) structure of a leucine zipper.\n\nThere are other such regularities. However, they are rarely perfect and rarely sufficient to figure out tertiary structures from sequence alone. For that you need to consider more relations that are more complex that these types of rules-of-thumb I’ve outlined above. \n\nIt is also noteworthy that for most proteins, their tertiary structure is stable under single mutations (say you replace one amino acid with another). So again one single amino acid side-chain change often (not always) does not change the higher-order structure. Some tertiary structures are extremely stable under most mutations. The [immunoglobulin domain](https://en.wikipedia.org/wiki/Immunoglobulin_domain) is a good example of a higher-order protein structure that appears in many quite distinct proteins, and nowadays one can predict if a sequence will form such a structure pretty well because of certain highly conserved features in the sequence.\n\nAnyways, this can go on for long, and structural biology is the place to study this in more detail. Your teacher’s hesitancy to provide details is understandable since it is not an easy problem with a big body of research literature and without simple or certain rules if you go beyond the most basic regularities.",Non-physics
0xa03,"Baking soda usually absorbs odors. You could try putting some in a sock then hanging the sock with that article of clothing\n\nHowever should this fail, take it to a dry clean place",Non-physics
0x275c,"To go faster, you need to give more and more energy. Think of it this way: you have a huge metal ball rolling at a constant speed of 5 cm/s. It'll be much harder and require more energy to accelerate that ball to 5cm/s than it would be to get an unmoving ball moving at 5 cm/s\n\nNow, onto the interesting part. Kinetic energy is relative. You wont observe the same amount depending on how you move with the object. \n\nA more efficient method to view this is Work. \n\nEdit: You can actually try this with a bowling ball, it'll help you get a feel.",Physics
0xc2a,"The thing is, even if Dias did give out the data, it's unlikely that Hirsch will be able to find ""proof"" that his alternative theory is correct.\n\nYou *might* get some kind of evidence that the data was faked (e.g., statistical anomalies that suggest 'noise' was artificially generated and not real), but that's not what Hirsch claims to be looking for.\n\nMore typically, if you want to test alternative theories, you need to generate new data with a new experimental strategy. You end up wishing you had data that wasn't collected, not magically causing the existing data to give you other results.\n\nAlso, like you say, sending out a simple e-mail with explanations works with *collaborators*. People who have a shared context and a relationship of trust, and who basically trust you to not be making this stuff up and not making gross errors and doing good work.\n\nIf you sent the same e-mail to *me*, it would take a huge amount of back and forth for me to understand everything you did, and if I didn't trust you, all I could do is send nasty e-mail replies, not figure out what the data ""should have been.""",Physics
0x91,"It'd be cool if it played a scale, e.g. a rising scale, so that when the faster lines get behind, you'd hear them at a lower pitch then the seller lones",Physics
0x24d3,"Remember that at the end of the day, the known risks associated with the vaccine, and there are less than your friend seems to believe according to the research, are quantifiably far lower than Covid-19 infection, in both short and long-term. \n\nPlus there’s always the fact that even, “healthy,” people that don’t have to worry about being too sick not only HAVE gotten really sick and died in some cases, but even if they do fight it so well they don’t feel ill, they can still be a carrier.\nIn being a carrier they can now spread it to someone not-so-healthy, or worse, it could mutate within the host and another variant becomes a thing.",Non-physics
0x2827,"The first class you'll want to take when you have the prereqs is a proofs class (it's called different things at different schools. Where I went it's called Fundamental Mathematics), then probably real analysis. Those should give you a solid foundation before getting into modern mathematics. You'll almost certainly be required to take differential equations, linear algebra, and the calculus sequence before you can get into ""real"" math, as in something close to what a mathematician would be doing, but those classes are still very important for building mathematical maturity\n\nEdit: I should add, the proofs course is also usually listed as a prerequisite for higher level classes. So if you're not sure which one it is, look there",Physics
0xc5f,"Perhaps this helps. From Magnusson, W.E. How to write backwards. Bull Ecoll Soc Am 72(2):86. 1996.\n\nRule 1: Write the conclusions to your paper. Even a large paper or thesis chapter will not have more than five or six substantial conclusions. Each conclusion must be succint, and occupy one sentence and less than two lines. The conclusion as written here will not enterinto the final work so they do not need modifiers such as “however” and “that is”.\n\nRule 2: Write only the results necessary to make the conclusions you presented.\n\nRule 3: Write only the methods necessary to understand how these results were obtained.\n\nRule 4: Write the discussion, which should present only additional informations (e.g., literature) that modifies, extends, confirms, or contradicts the conclusions based on your results.\n\nRule 5: Write the introduction, which will have only the minimum information necessary to present the questions to which the conclusions are the answers.",Non-physics
0x994,I know there's a formula that accounts for the difference in ∆U and ∆H by using the difference in moles of gas online but my professor never gave us it and hasn't responded to emails I sent asking about it,Non-physics
0x24d6,"i love veritasium but he definitely plays the game, and honestly more power to him because he's up front about that lol, he has a video on how to optimize youtube's algorithm",Physics
0xc3a,"Also, this is why I think we are doing a disservice by not using calculus terms when discussing kinematics. The amount of calculus you need for kinematics is only the power rule for derivatives and integrals, which you can learn in a half hour. We are also using this big long explanation ""find the area under the curve"" when we could just say ""integral."" I think introducing the calculus terms would also make that first unit of calculus make more sense.",Physics
0x569,"If you didn't even know what mushroom was it, I'm 100% sure that you wouldn't have the knowledge to prepare Amanita Muscaria. Stay away from mushrooms in terms of eating if you know nothing about them, they're a fascinating and also very dangerous hobby.\n\nI encourage you to learn about them, cause this sub suddenly became a place where people trust others in identifications both of them know nothing about...",Non-physics
0x2167,See it in action here https://youtu.be/6bfUpaaEKcQ I found one in the kitchen about two weeks ago and was letting him chill. The GF was not happy.,Non-physics
0x20f3,"It is the same argument.  You're just not ... getting it.  I've never claimed that the source matters; only that it gives us indication of the magnitude of the energy required to take it back.  That's all.  \n\n\n>I don’t think any of the experts think that it is thermodynamically impossible though\n\nNeither do I; never did, either.  This has been about feasibility, not possibility, all along.    \n\n\n>your initial claim that thermodynamics limits DAC to a point where it couldn’t be feasible no matter how efficient it got.\n\nShow me where I've said that DAC is impossible, instead of unfeasible, or -- pretty please -- shut up.  Intentional misrepresentation is *not* civil.",Physics
0xbdb,"This bug maketh sure thee only payeth f'r what thee needeth!\n\n***\n\n\n\n^(I am a bot and I swapp'd some of thy words with Shakespeare words.)\n\nCommands: `!ShakespeareInsult`, `!fordo`, `!optout`",Non-physics
0x444,"If by expired you just mean outlasts its sell-by or use-by date, but is still sealed up inside the bottle or can, then probably not much. If the seal is still good and no air can get in, then there won't be much decomposition in most cases.\n\nThe exceptions will be certain wines or beers which still contain some live yeasts - you can tell which ones these are because there will be some visible sediment at the bottom of the bottle. These also tend to have shorter dates on them, because they can go bad much quicker. The temperature of storage also makes a big difference to these - if kept refrigerated they will probably outlast their dates, if kept in a warm storage room they likely won't. Anyway, the active yeast will be slowly consuming any sugars still present in the drink, the rate depending on temperature. So the drink will eventually end up very dry, sour and probably somewhat over-carbonated - if the bottle hasn't exploded by that time!\n\nFor the other category you mentioned where the drink is exposed to the air, it depends on what the alcohol content starts at. For spirits, they will at first lose alcohol by evaporation, until the percentage by volume drops to a level where bacteria can actually survive in the solution. From that point, bacteria will start to grow, including the type which metabolise alcohol into acetic acid.\n\nFor wines and beers, the bacterial contamination will begin much more quickly (within days) if open to the air. So again, bacteria will start to grow, and the alcohol content will start being converted into acetic acid, forming vinegar. If enough bacteria grow, you can end up with a slimy layer on the top, which is a combination of the bacteria themselves and their other metabolic products, one of which is cellulose, which forms the slime or jelly-like substance, known in the brewing trade as ""mother of vinegar"". The reason it has this name is that you can take a piece of this and add it to any other wine or beer and it will kick-start the vinegar production at an accelerated rate.\n\nIf you want a vinegar acceptable for use as a condiment or in cooking, then you ideally want an acetic acid content somewhere between 3 and 6 %, and a residual alcohol content between 0.5 and 1 %. If the bacterial fermentation is allowed to continue until all the alcohol is consumed, then different bacteria take over which start consuming the acetic acid. They will then carry on doing that until all the acetic acid is gone too, and then you will be left with basically water with a lot of dead bacteria in it. This may subsequently grow mould, but it would be useless long before it got that far.",Non-physics
0x217b,"People have actually tested this. \n\nhttps://qualiacomputing.com/2016/10/29/lsd-and-quantum-measurements-can-you-see-schrodingers-cat-both-dead-and-alive-on-acid/\n\nAuthor's note, midway through the article: ""Hard-nosed scientists may want to skip to the “Experiment” section, since the following contains a fair amount of speculation (you have been warned).""\n\nThere's a lot to read, but the thrust is that people on LSD frequently report seeing ""branching realities,"" which might suggest that something related to the collapse of the wave function is happening to these individuals during these trips. \n\n""Succinctly, the Quantum Hypothesis is that psychedelic experiences modify the way one’s mind interacts with its quantum environment in such a way that the world does not appear to decohere any longer from one’s point of view.""\n\nThe author conducted an experiment (which I found to be very well designed, but there's always the problem of tripping test subjects) to test the quantum hypothesis, and the data did not support it.\n\nI imagine this type of research will make many in the scientific community scoff, but I think it is some of the most interesting stuff currently being done (I am not in the scientific community).",Physics
0x1a98,"Well with the Broad stretch at around 3400 cm\^-1 in the IR, that would be and O-H stretch. With the mass spec having the molecular ion being at 96/98 m/z at a 3:1 ratio that shows there is a Cl in there because of cl-35 having \~75% abundance and cl-37 about 25%.   \n\n\nIm confused about the last statement in the problem because we haven't seen other problems like that. The C NMR shows that there are 3 unique CSP3 carbons, not sure what the small peak at \~78 is showing. And then in the H NMR there is 4 peaks and i understand the N+1 for the amount of peaks in 1 overall peak. Im just trying to figure out the structure... im under the assumption rn that the molecular formula is C3H9OCl",Non-physics
0xac4,"First of all, it's not about the total amount of CO2 in the atmosphere - it's about the *excess*, which is only about a third of that number (pre-industrial levels of atmospheric CO2 were 280 ppm, current levels are 420 ppm).\n\nSecondly, it isn't meant to be the ""one magic solution"" to solve all the CO2 problems in the world, it's about every bit that helps.\n\nAlso, equating that to an electricity price gives about [5 cents per kWh](https://www.wolframalpha.com/input/?i=%28100%24+per+metric+tonne%29+*+%280.475+kg%2FkWh%29) for using this method of carbon capture (based on the average emission of about 475 g per kWh worldwide), which is quite a bit (about a 10-20% price increase), but as worldwide energy production shifts to renewable sources, this price will also go down.",Physics
0x608,Great video! As someone who has recently got into python this was very fun and informative to watch. I also chuckled at 12:33 but that's because I am immature.,Physics
0x1aaf,"MiniBooNE and LSND both saw excesses of events that haven't been explained.\n\nThis experiment, MicroBooNE was designed to be able to more accurately probe that excess (using the same beam as MiniBooNE but with a better detector), and looked in the same place for either an electron-like or a photon-like excess that could explain the MiniBooNE result, and it wasn't there. That is interesting in its own way (perhaps not as exciting as confirming it, but the fact that MicroBooNE and MiniBooNE disagree leaves a lot of open questions (since they're so similar in many ways, operating with the same beam/baseline).",Physics
0xb82,"So I take that as a No that if you put a supplement B vitamin Liquid in a nebulizer it won't work. Or if you inject them directly into the blood it won't work either. I was under the impression that nebulizer did break them down to individual atoms via vibrations or something. But the nebulizer still can make the B vitamins carry it a steam by making them as a whole into small enough particles that can be carried and absorbed, and if it gets to the LUNGS which are equipped to separate OXYGEN atoms from the other things in the air and absorb, why can't it do the same for the vitamin supplement that have other ingredients mixed in with them that are attached and then get rid of those (as it does with carbon, hydrogen etc from oxygen) and absorb the essential vitamins which your body recognizes ? But if you inject them directly without first separating all the individual ingredients  and making them into a small particle it won't work? Because once in the blood it cant separate or use enzymes to make it into a usable form particle? And also the lungs can alter PH levels. Vitamin C for example is made out of carbon, oxygen and hydrogen. So your telling me the lungs won't absorb vitamin C because it has hydrogen and carbon? Doesn't the lungs absorb some carbon and hydrogen accidently?  But then again your lungs do absorb smoke and all its chemicals from cigars into blood even though it is not meant to it still does.\n\n>Why does it feel like I'm doing your homework? For your body to use them it needs to be broken down to individual atoms not particles. You are probably better off posting to r/Chemistry because at this point that is what you are brushing up against. You do realize that at these scales pretty much all chemistry including all your biological processes are powered by random chance of molecules bumping into one another. The sheer numbers of atoms and molecules involved allow this to be possible. That is also why most life relies on water because it is an excellent solvent which facilities the transportation of molecules leading to said chance encounters for interactions to occur. It is an oversimplification but the chemistry in question can generally be seen as a microscopic mechanical process. Molecules be they vitamins, drugs, or even parts of cells in your body fit together perfectly like 3D puzzle pieces when interacting. Therefore said interactions aren't going to be possible with particles nomatter how small until they are broken down into individual molecules. Again at this point you are really talking chemistry more than biology. As for PH levels affecting absorption rates yes it plays a huge role but again this will be dependent upon the vitamin in question. Again this would depend on the vitamin in question, some are water soluble whereas others are oil soluble. Vibration on the molecular level is heat. Such a miniscule amount of vibration on tiny granules isn't going to do much to change them. This would be a physical change but common filler ingredient such as microcrystalline cellulose or maltodextrin are used for the aforementioned uniformity in granule size and wouldn't be affected by such vibrations but they will be broken down in your digestive system by chemical processes some as simple as being dissolved in water and other bodily fluids.",Non-physics
0x263f,"I'm not complaining about the contents of this paper.  My complaint stems from the 2 dozen or so conversations with laymen that go ""Have you considered that maybe there is no dark matter, but {insert some thing about modified gravity}??  Hmm,  have you?""   \n\nAnd the answer is yes, we have all heard, read, and documented and understand the papers on MOND.  Yes we know it.  Cease this ""I'm more clever than any scientist on Earth"" charade.  It's aggravating.",Physics
0xa68,"The quark-quark interaction has antitriplet (attractive) and sextet (repulsive) colour states. Putting together ""red"" and ""blue"" quarks is a mixture, in particular:\n\n  RB = (RB-BR) + (RB+BR) ,\n\nwhere the first term is in the triplet and the second in the sextet. Many textbooks discuss the relative strengths of the two states [some nice notes are ""Perturbative QCD (and beyond)"" by Y. Dokshitzer]. Here, for RB, it turns out that the attractive triplet force wins over the repulsive sextet. However, RR is in the sextet and thus repulsive.",Physics
0x733,"Let's say an enzyme is wrapped in lipid nanoparticles..... how could the enzyme be metabolized in a very rapid manner by either separating the lipid nanoparticles or  by other means such as ""neutralizing"" or making the substance inert",Non-physics
0x1daa,He has a ton of those. The rocket one is also pretty yikes. Aerogel was a lot less yikes but was clearly an ad. I can't remember others off the top of my head but there are a lot of obvious ads on his channel.,Physics
0x23cc,"Yeah but looking it up isnt a test of your bio knowledge. \n\nI'm with OP... they separate in anaphase. Wrong, OK. Then Im in error. But I didnt buy a vowel or call a friend.",Non-physics
0xf5a,"Hirsch is not interested in data, he is interested in tearing down just about every result in superconductivity. Sharing data doesn't create the kind of ""reasonable explanations"" that you talk about: they are just numbers. The explanations are in the papers. A crank who doesn't believe in any current theory of superconductivity is not going to be able to use the data to examine the questions that are supposedly at issue. \n\nHe got data on Europium, proceeded to do his own ""analysis"" and claimed that proved the data had been fraudulently manipulated and didn't show the result the authors claimed. He doesn't re-analyze the data using a different model, he just plays around with curves and plots and claims it is proof of fraud.\n\nSharing data with cranks is not a useful activity, and it does not advance science. A crank complaining that he is being treated like a crank is not evidence of fabrication.",Physics
0xe64,"Kind of. The open problems in physics 200 years ago were very tangible human experiences. Like, “what are magnets”, “how does light work”, etc. Now they’re like “what is going on inside black holes”. \n\nThe difference between today and the past is that we practically have a complete model of reality for day to day human experiences. World shaking changes to physics are much more shocking and unexpected today than I think they were in the past, for that reason.",Physics
0x6a,"nah, I was confused in the first 2 options. Cuz in anaphase the chromatids are formed by splitting of chromosomes by the spindle fibres, and hence chromosomes form chromatids",Non-physics
0x1044,"I was in the same boat for a while - lots of places where I’m from go through recruiting agencies a lot so if you sign up to them and give a resume they’ll have a good chance of hooking you up for at least something casual. Other than that just keep applying, try to update cv and cover letters to match closely with jobs your applying and don’t get discouraged, you’ll find an opportunity!",Non-physics
0x18e,"I can’t tell if that is precipitate or some oscillating reaction. Those are my guesses, but if we knew what’s in the beaker and the solution I’m sure someone would know.",Non-physics
0x2033,"Could the passage of time be directly correlated to the act of passing through space? This is why time is always relative to the observation perspective. It changes with your speed, and is accelerated within proximity of a black hole which would have significant space-time being sucked in.\nWe cannot escape the passage of time because the universe is expanding and that rate of expansion is the determination of why time cannot flow backwards.\nAdditionally, the milky way is moving through space-time and so is our solar system and so is our sun and our planet and so on.\n\nWould love to hear some thoughts on this theory.",Physics
0x1266,"I’ve got some of those as well.  Definite tremors, weakness, POTS, which goes hand in hand with the previous compression syndromes mentioned, severe brain fog and what I’m considering “memory loss”.  Everyone can forget why they walked into the kitchen at times, but this is stuff I’ve known well over 25 years, like names of muscles, bones, physiology, etc.  Its not like it’s on the tip of my tongue and just hard to recall, it’s just gone!   Insane. \n\nIt’s like my whole body is inflamed.  Does this mean a lot of us have undiagnosed MCAS and are just now realizing it with the live virus and vax? \n\nWondering what else is going to pop up in the long run.",Non-physics
0x1352,Oh actually yeah it’s incorrect regarding the specific equation I pointed out I think. Idk what anything u said means but I think someone else said that what I said describes two of the equations in another form. Anyways that’s how michio kaku chose to say it,Physics
0x205d,"Correct, but that's vastly different than saying smoker's lungs don't recover. Your chance of developing lung cancer is halved 5-10 years after quitting vs someone who still smoked, and the cilia repair in as little as months to a year, increasing your ability to breathe easily and reduce infection.",Non-physics
0x5a6,"Consider any point along the rope. The question now is, how is air resistance and gravity affecting the rope beneath it? That determines in which direction the rope beneath that point is pulling that point on the rope.\n\nWell, gravity is proportional to the mass of that length of rope, which is proportional to the length of the rope.\n\nAir resistance is proportional to the wind-facing surface area of the rope, which is *also* proportional to the length of the rope.\n\nSince these are both proportional to length, as you move down the rope, neither the downward effect of gravity or the approximately horizontal effect of air resistance is able to pull ahead, and the rope is just pulled in the same direction for the entire length.\n\n----\n\nHere is a more mathematically rigorous explanation:\n\nConsider an arbitrary length of the rope.\n\nIgnoring other attached segments of rope (which should behave identically), and thus their tension forces, there are two forces acting on the rope: gravity, and air resistance.\n\nNet air resistance is proportional to the length of the rope, because the rope's wind-facing area is proportional to its length.\n\nNet gravitational force is *also* proportional to the length of the rope, because the rope's mass is proportional to its length.\n\nThus, the net force is given by:\n\n- **F**_net = **F**_a + **F**_g = L\***f**_a + L\***f**_g = L\*(**f**_a + **f**_g)\n\nwhere **F**_a and **F**_g are air resist. and gravity, L is rope length, and **f**_a and **f**_g are the ""per-length"" air resist. and gravity forces.\n\nSince the rope is of uniform mass, **f**_g is constant for the entire rope, since gravity is approximately constant along the whole rope, which is short compared to the size of the Earth.\n\nIf we assume approximately constant air velocity and air density/makeup around the entire length of the rope, then we also get that **f**_a is constant for the entire rope.\n\nSince **f**_a and **f**_g are constant for the whole rope, so is there sum. This means that we have:\n\n- **F**_net = L\***k**\n\nwhere **k** = **f**_a + **f**_g is a constant vector.\n\nAll this math has resulted in the above equation, which alone tells us the rope should be straight and look like (B). The net force for every segment of rope along the rope, before accounting for tension forces, is in the same direction. When you add tension forces, those will only act parallel or anti-parallel to this net force.\n\nThus, the net force along the entire rope will be parallel to a constant direction, which is a straight line.",Physics
0x22d6,"I am pretty sure everyone in this thread as of writing this, is interpreting your post incorrectly. They're thinking from the POV of the bullet and not from the POV of the target, when that is what your post is about. \n\nSince the position of the bullet, for the target, will only update when the bullet has covered half the distance it did from the target's previous observation, the target WILL see the bullet being shot and reaching it in ten seconds, because as the bullet reaches closer and closer to the target, the difference between the apparent and the actual position of the bullet would reduce to almost 0.\n\nThus, you're correct, for the target, the bullet will travel at the speed of light.\n\nEdit: So many people are talking about applying the theory of Relativity and the Relativistic effects, or going off unrelated tangents, completely ignoring the question of the post, when in reality this should really just be a Mental Ability question.",Physics
0x1495,"There’s an entire field, ChemEng, devoted to turning reactor design into a (more) exact science. Mixing rates, internal diffusion rates, and reaction rates can be carefully controlled. That means the reactors take on very strange sizes and shapes. You might make it a very long tube so that you have precise control of the conversion/heat with distance along the reactor. You might make it a stirred vat if you can get it to mix well enough. Sure, there is some difference between theory and practice, and empirical measurements are needed on the as-built hardware. But what you are describing is the uncertainty of a bench chemist,  not the process control of a chemical plant.",Non-physics
0x1f85,"I guess What you call ""liquid hydroflouric"" acid would be a solution of the gas HF in water. On actual liquid HF check it's boiling point",Non-physics
0x7b6,"So... each time the ionizing radiation interacts with the tube, it needs a little time to restore the voltage potential? Or... the dead time is the interval between emissions from the source?",Physics
0x20e,"Sorry if I was brief above, but you just told the wrong narrative. The contribution cancellation you describe may hold at any given loop-order in the perturbative expansion of the vacuum energy coming from QFT. The problem with gravity is that it’s non-renormalizable. If you did the procedure you discuss above at a given loop-order, at the next level of the expansion, you’d have to perform another tuning, one independent of the first. QFT’s vacuum energy is radiatively unstable in the presence of classical GR. \n\nFurthermore, in saying the QFT prediction is terrible, I meant that if one wanted the 1-loop contribution to be THE dark energy, one would hope that contribution matches the observed value, or is close. Due to the mismatch, one has to rely on a fine tuning which then removes the ability to predict the vacuum energy.\n\nFinally, this all assumes that DE is a cosmological constant (cc), which isn’t actually required by the data. There are different manners of obtaining the current expansionary behavior (and its implied source).",Physics
0x774,"How does your experiment stack up against the ""bottle"" vs ""beam"" approaches to neutron lifetime? IIRC, there is a discrepancy of several seconds.\n\nEdit: Nvm, you answered this elsewhere. Thanks.",Physics
0x1e8d,It makes unrelenting attempts to sell you an AT&T bundle for $10 more than your current plan\n\nEdit: definitely didn’t think this comment would get this much attention! Thanks for the gold!!,Non-physics
0x7e,"It actually astounds me how clever you bastards are in this sub.\n\nAnd no I’m not being sarcastic, i usually have zero idea what any of you are talking about or describing yet I still sit and read/listen\n\nP.S your not really bastards, it just had much more effect then ‘how clever you people are’",Non-physics
0xbc5,"Yup, this is the perfect role for somebody like Sabine: sharply deflating nonsensical popsci claims. Now if only we could get more of these videos for more hyped-up AMO stuff...",Physics
0x11ac,"oh man I’m jealous, I used to pick these on campus by my science building in college. after a while you just get the eye for the good ones, that irregular caramel cap, the woody blue bruising stem, usually easy to ID.",Non-physics
0xd6d,"Phoneutria or Brazilian wandering spider in Us we call them banana spiders range  from South to Central America very common to see them hitch a ride  in banana boxes hence the name ,"" banana ""spiders that we here in the US call them ...",Non-physics
0x371,"You’re imagining that all this stuff is programmed and built super carefully by someone who had a very clear idea of why this is all happening. These are just chemical reactions. Concepts like “purpose” are only vaguely applicable at best. \n\nMismatch correction and removal of primer sequences happen, yes. But they are a consequence of the simple fact that polymerase doesn’t stop when it runs into sequence ahead of it. Not only does it remove the RNA primer, but it’ll typically remove a couple hundred bases of perfectly good newly laid down DNA sequence as well. These aren’t precision instruments. They’re chemicals reacting according to basic laws of physics.",Non-physics
0x79a,"Not if you want a job when you graduate. Not if you want a job that pays a living wage. Not if you don't want to work for $13-$15 and hour for contract work, babysitting an HPLC running urine and blood tests.\n\nThe USA doesn't care about chemists. I wish I hadn't bought that huge gigantic lie we were sold as kids. ""Get a degree in STEM, companies will be falling over themselves to offer you a job at graduation!""  FUCKING LIE that was.\n\nI can't recommend chemistry as a major in the USA anymore. You won't get a job you couldn't get without a degree -  it's fucking depressing.",Non-physics
0xda7,"Hi. I'm in my thirties. I used to ace physics/chemistry/maths tests in high school, but unfortunately I didn't pursue in that direction in university and instead went for social sciences. While my studies were interesting, I'm now realising how much I wish I had stuck to science.\n\nAnyway, my appetite for science is still very present within me, and I'd like to study physics on my own. I'll need to seriously brush up my maths too.\n\nFor maths, [these resources](https://tutorial.math.lamar.edu/) seem to be praised. I guess I can browse through them, and spend a bit more time on them when I need to better understand a specific maths topic?\n\nDo you have physics MOOCs to recommend? Right now I'm particularly interested in electricity/electronics. I want to understand all about capacitors, inductors; I want to understand what impedance means and all about using complex numbers when working with AC.\n\nI think I'll catch up relatively quickly on high-school science-stream material (I've gone through it before, it should come back), so the level I'm looking for is high-school/early years of university.\n\nThank you.",Physics
0x2637,"Thanks for showing your working. You did make a good attempt. I wish you'd just seen the ""look up heterozygous"" comment, as I'm sure you would have got the whole question right yourself, except for that one hint.",Non-physics
0x379,"Hmm, many uncertainties will cancel in that ratio, but not all. For example, the two decay modes B->Kll and B->K(J/psi->ll) will have slightly different kinematics. Different kinematics imply different reconstruction efficiencies.",Physics
0x24af,"In addition to the other comment, you can criticize a theory without checking off lots of ""crackpot"" indicators, like claiming that there's a vast conspiracy, comparing the current state of affairs to geocentrism or ponzi schemes, etc etc ([here's](https://iopscience.iop.org/article/10.1088/0031-8949/80/03/035702/meta?casa_token=G851wji16m8AAAAA:dsiYA7-bePp2XHTZbQFTBV9XgHRj3E0GQBscLtU_9pyfM2M7oa_c7R2wtdNlFcjHWk2drTAeoH0) another one of Hirsch's extremely unhinged papers). And also, the hydrides are a class of material where BCS applies.",Physics
0x29b,"As others say, if you'd ask a specific question - after some calculations, yes, we'd be able to guess it even without modern computers.\n\nThe harder question is if you were to ask very broadly - that's much more difficult. The problem here would be not so much ability to predict, but to choose this option out of all possibilities. Still, definitely easier now with computational software ;)",Non-physics
0x544,"I think we might need a little more detail to really help out on this. If you're comfortable with them, your professor's office hours are the absolute best way to solve this. If that's not an option, just let me know either in a reply or a PM what topics you are getting hung up on and I'll point you in the right direction.",Non-physics
0x2154,"This didn't quite end up as cool as I though it would, but anyway... The idea was to use events along inertial world lines as audio sequencer triggers, as another way of 'showing' what happens to simultaneity in relativistic settings. You can change the speeds of the frames using the sliders and compare with non-relativistic motion using the little checkbox.  \n\n\nCode is here if you want to improve... I'm all out of ideas: https://github.com/ccny-physics-sims/sims/tree/gh-pages/world-lines-sequencer",Physics
0x2801,"It’s call the [Oberth Effect](https://en.m.wikipedia.org/wiki/Oberth_effect)\n\nOne way to look at it, the unburned fuel going at higher speeds has more energy than fuel at rest.  If the rocket is going faster then the fuel can provide more energy.  When burned, the fuel exhaust has less energy coming from a rocket that is moving quickly than it would at rest (since you subtract the rocket’s velocity from the rest exhaust velocity to get the actual exhaust velocity).  When a rocket is moving quickly, the rocket is extracting more kinetic energy from the fuel than it does at rest (as seen from an outside observer).\n\nKeep in mind that chemical energy rockets do not follow F=ma, and their acceleration is not constant nor proportional to their instantaneous mass (the actual equation is F = m * dV/dt + dm/dt * V, though if the fuel mass flow is small compared to the rocket mass, F=ma is pretty dang close).",Physics
0xc80,"I wondered at first why neutron lifespan is so imprecisely known. And then I started thinking ""well just _how would_  I go about measuring it, though?"". And it fairly quickly transpires it's a far trickier problem than it at first seems!",Physics
0x2146,I have a question about this if you were to put your hand to your mouth now is it possible you could get high from this ?,Non-physics
0x2523,You could also put it in terms of light wave length size. You can see things in detail until the thing is smaller than a wavelength of life.and then you can measure in atoms?,Non-physics
0xde0,"Physicists like to be cute :D\n\nIn particular because finding a ""fancy name"" for your theory/experiment/observation makes it easier to get popular and noted.\n\nI guarantee most people outside of physics would have cared MUCH less about the Higgs boson if it did not have the moniker of ""God particle""",Physics
0x1f63,"This probably belongs in the careers thread which is around here somewhere.\n\nWhat type? People doing quantum gravity which includes string theory, loop quantum gravity, noncommutative geometry, and other things. I'm not sure they have a ""name"" per se since it's a varied area of research.\n\nSalary? About the same as any other physicist in academia. Pay isn't directly tied to stature in the field (though it is tied indirectly.. grants are better, you advance to full professor quicker, you might get poached by a more prestigious private university where they pay obscenely well, etc).",Physics
0x1cc9,"Ftr this wasn't where I drew my idea from, I had the idea first then found this article.\n\nThe experiment was an attempt to see if vibrating could do the work of gravity. They found it could, so I'd assume they answered their question. This is just an extrapolation of that though. I'm not sure whether they concluded that themselves, maybe they did.",Physics
0x3a0,"The entangling operation in ions is very slow. I think the world record for it is a few microseconds.  It's not a simple transition that you can drive quickly with a laser.  Remember that the entangled operation (like a CNOT)  involves two ions, not a single ion, and the entanglement is very fragile.  Superconducting qubits and quantum dots can be driven very quickly, with entanglement taking nanoseconds.  But ions are slow and many ion schemes involve actually physically moving the ions, which also takes time if you want to avoid destroying the entanglement. \n\nIons are still a very useful system for learning about quantum computing but I don't think there is much expectation that they will scale to useful computations.",Physics
0x13f7,"I think you should follow your heart and do what you love. That's why I chose physics over any other ""money making carreer"".\nI'm pretty damn happy with my choice.",Physics
0x195f,"Herbal extracts! You'll learn to percipitate things, wash them, separate them (maybe).\n\nP. Harmalas has some good teks out there. Then you'll have everything you need for Turkish Red dye and stuff to make your clothes flouresce under black light.",Non-physics
0x2780,"In free space, the decay products of the neutron are a proton, an electron, and an electron antineutrino.  The sum of their masses is less than the mass of the neutron, so there is some leftover mass that can be converted into the kinetic energy of the products.\n\nIn nuclei, the neutron cannot be considered on its own; you must also consider the interactions with its fellow nucleons.  These interactions have the effect of stabilizing the neutron.  For further explanation, see [this comment](https://www.reddit.com/r/Physics/comments/qak7ev/physicists_make_most_precise_measurement_ever_of/hh6buf4/) by /u/coriolis7.",Physics
0x1214,"I would recommend you retain the PVA.\n\nThe PVA is the only ingredient that will gel up and stick everything else together.\n\nThere are alternatives, but they will be more expensive and less easy to find.",Non-physics
0x2658,"Could somebody explain to me why everybody insists on working in an inertial frame? I mean in an inertial frame you need to track the friction, somehow you need to get an upward force, and it's just a total mess. By contrast, working in the rest system of the car a force [; m \omega\^2 r;] just appears, and from comparing the equations of motion with the case of a car parked on a slightly inclined parking lot with gravity [;mg;] we get immediately that this is precisely how a car should behave.",Physics
0x1e3e,"Slightly turbulent flow behind momma, less surface tension to overcome, momma makes the average velocity of water forward just behind her.\n\nSeems fairly straightforward. Not sure why they needed to simulate it except to better understand energy usage, and why this article focused on a wave drag metric with little context as to what that might mean to someone who hasn’t taken aero or hydro dynamics.",Physics
0x1a41,"The crux of this exchange to me will be left at, you talking about the adsorbant chemistry (mostly quite correctly, and I have no need to disagree with that part, but still beside my point -- and it is my point, given that the first comment (about the fart) was from me), me talking about the physics (thermodynamics, entropy) that involves the challenge of getting the adsorbee to the adsorbant; and how we can estimate that total energy cost.  All in all, I don't think we ever really saw eye to eye, and therefore it might not be quite appropriate to ""agree to disagree"", but I still thank you for not going berserk at any point, ie., for arguing in a ""civil"" manner.   It's a refresher.  Personally, this was no more wasted effort than most I come across on reddit -- you can always learn something of yourself, at the very least.   Cheers.",Physics
0x143,"I think the only A I got during undergrad in a STEM course was the differential equations class I took over the summer semester, which I took while I was working as an undergraduate in a research lab. And honestly that’s probably going to be the environment most resemblant to what its like doing a PhD. So if you want to see if you have the chops for grad school, try getting into a summer research position and take a course or two. If you like the environment and do well in class, then you have a good shot I think at making it through a PhD program.",Non-physics
0x8d0,The friction on the lid seal (or a sticky liquid) helps hold it closed until pressure is high enough to overcome the friction rapidly.  Lid pops open with enough inertia to reseal when it flops down and the process repeats.,Physics
0xde4,But these are not theories. These are *hypotheses.* Experimentation needs to be done to test a hypothesis for it to become a theory. Tossing around and playing with new hypothesis is needed to find ones that are testable. It’s the academic equivalent of throwing shit at the wall to see what sticks. But these are not theories and they are not adopted into the standard model without being tested.,Physics
0x14f7,"dark energy is basically a free parameter in GR though, you are not really tossing it in as much as just measuring the free parameter (like you would measure the gravitational constant).",Physics
0x27c6,"I don't want to kill the animal, but I do want to warn it and say: hey, I think you're pretty neat but I respect your distance.",Non-physics
0x1435,"This must be the 100th time someone posts a garbled tattoo and says “what is this molecule”? Why someone would get _anything_ inked without being a 100% sure what it is, defies all logic",Non-physics
0x1992,"He is clearly saying what he's doing bro lol :D\n\nTurn on volume and see, if you didn't here it... It's cool though at the last :)",Non-physics
0x11c5,There are multiple ways to learn things. Touch  and hearing are probablt the way two major ways a blind person could read/ learn. \n\nBeing blind doesn’t prevent you from understanding things. \n\nHell CNN recently had an article about a blind quarterback for a high school team,Non-physics
0x2193,Whats wro g with it being metabolized? By the time we start modifying it its no longer an antibiotic and not the same stuff anymore. Preventing it from being metabolized would mean it could stay in the system longer or let it do spontaneous degradation into who knows what.,Non-physics
0x1d53,"For DIY just get some really tiny amount of fluorescein, and you're golden (or yellow-green actually). The glow is induced by blue light and up (UV). You can cheat with tonic water.\n\nMany elements (mostly metals) ""shine"" in X-ray part of the spectrum, excited also by X-rays. For liquid water your best bet would be Cherenkov radiation: pass some super fast electrons through it, and they will produce light. Not sure if strong enough X-rays wouldn't make water glow, who knows… don't have enough courage to check that ☺",Non-physics
0x2790,"Well the only way to ""remove/neytralize"" a compound is by changing it to something else.\n\nMetabolizing something is chemically changing it to something else just using natural biocuemical processes. You can hypothetically chemically modify it too but youll likely mess with the entire tissue its in. For example you could incinerate the hell out of the compound but everything around its messed up too. You could use acids to degrade it but those acids will mess with the around tissue too.\n\nYou could maaybe get some sort of high affinity compound specific to the said compound, bind that high affinity complementary compound to a magnetic nanoparticle and  diffuse that through something and then recollect the particles but if its a tissue those nanoparticles arent going to be able to spread as ubiquitously. If it was just a solution then sure but not something like muscle tissue. (Also recollecting nanoparticles through muscle tissue using a magnet woildnt likely work or would at least be very painful",Non-physics
0x3c5,"If the job you're applying is related eg. A chemical sales job vs waiter exp which both shards customer service talent, sure; otherwise unless you're desperate to cover up employment gaps just don't. Keep it short.",Non-physics
0x1d27,"Without realistic waste recycling it is a non-starter.\n\nWe made a fundamental mistake in the 1950s. We ran military reactors at Oak Ridge and Hanford to produce plutonium for weapons. This eliminated the incentive to recycle waste from commercial reactors. That led to the unsustainable policy of storing waste on-site.\n\nFrance, Russia and the Uk recycle spent fuel rods greatly reducing yhw waste which needs to be stored and extending the life of the fuel.\n\nWe could adopt the French system which is less susceptible to catastrophe like Fukushima or  Chernobyl or Three Mile Island.\n\nWe could go over to thorium reactors but that would involve total retooling of the Industry. \n\nNone of this will happen because there is too much private capital at risk. The government would have to  nationalize the industry and absorb the losses, again, not going to happen IMHO.",Physics
0x1ec1,"Try coating chemist. Application specialist (but u might get lot of IT hits, filter thru). Try formulation chemist \n\nBut as others said, your resume might not be the best quality.  Your university shoukd have career placement service. Have few different advisors review it.  Call those staffing companies, I used Kelly service 10 years ago.  Tell them you are seeking job in chemistry and if someone can give feedback on your resume. The staffing companies goal is to find you a job that way they can pocket 30% of your salary.  Your goal is to get feedback from them & worse case get yourself in the door at the cost of giving part of your salary.  Then find a place on your own",Non-physics
0x9f6,"Hello everyone,\n\n  \nToday on Synthesis Workshop we have a very exciting talk about the electrochemical synthesis of aziridines, where Dylan Holst (Wickens group, UW Madison) joins us to explain his work in this area!\n\n  \nEpisode: [https://youtu.be/9ecESNg1hdg](https://youtu.be/9ecESNg1hdg)\n\n  \nKey paper: Nature 2021, 596, 74-79.  \n[https://doi.org/10.1038/s41586-021-03717-7](https://doi.org/10.1038/s41586-021-03717-7)\n\n  \nThis work has also been highlighted in Nature Chem this week!  \n[https://doi.org/10.1038/s41557-021-00819-7](https://doi.org/10.1038/s41557-021-00819-7)",Non-physics
0xc24,"A lot of flavor chemicals are toxic in pure form. Ethyl acetate, acetaldehyde, or hydrogen sulfide, for instance. \n\nCaramel color is carefully made and purified to prevent formation of furan and 4MEI because then you have to have a Prop 65 warning on your food.",Non-physics
0x11f9,"My professor is also not the best to say the least. Apart from wasting our time with useless rants, she thinks that sharing her awful handwritten notes from 2012  on the screen is enough for us to understand what she's talking about. Safe to say that we're all struggling, and since the grading is not on a curve, most of us will probably fail.",Non-physics
0x10ba,"I agree, don't let anyone hold your mind back, NO idea is a bad idea. Maybe in the end the people who dream about the absurd might be the ones to crack the final code in physics. Who knows with the level of complexity in modern physics : )",Physics
0x7a1,">fractions of a percentage point\n\nHigher than childhood complications due to measles by two orders of magnitude and here we are, with measles acknowledged as a scourge worthy of eradication, and people trying to get sars 2 to “be done with it.”",Non-physics
0xb0b,"If by ""magic"" you mean ""it'll kill ya'"", then sure.\n\nAlways avoid mushrooms that look like Super Mushrooms from Mario.  And wash your hands after handling this.",Non-physics
0x148,Even those of us who do don't really need to consider them in terms of f-orbitals. Mostly (in geochemistry at least) you just need to know what order they're in and Ce and Eu.,Non-physics
0x213e,"You will need to do more experiments in formulation.\n\nThe type of essential oil and the total amount of oil will change outcome.  The volume of water in your machine will change the outcome.  The amount of residual soap in the wash is important too.\n\nReason is the type or even the supplier of the essential oil will change the molecules in the bottle.  Some are naturally high in molecules that stick to clothing, others, not so much.  It sounds silly, but French lavender oils that are steam extracted are very different to oil/cold press/other -extracted lavender oils.\n\nYou are adding the salt to kill off the remaining soap.  Not enough salt and your oil will be washed away with the soap.  Too much salt and you block the pump inlet.  By default you can try adding as much salt as possible without getting itching clothing.\n\nYou an try adding the scent to the fabric softener part of the cycle.  That way it is only added in the final few moments before the drain/spin cycle.  Less time for it to be washed out and smaller amount of residual soap to stop it sticking to clothing.",Non-physics
0x726,"No, the only CO2 that's needed is produced in the body. If CO2 was inhaled in the ambient air, it would be small and there is no carrier system to take it where it would be needed; on the other hand, wherever oxidative metabolism occurs, a plentiful source is available.",Non-physics
0xd2d,Didn't somebody just post this question and the top comment said the answer was C??? I thought it was B! I'm not even a physicist! I need to go back to college.,Physics
0x1020,"Yeah, thing is, the arm isn't available separately. And those that do have the arm I need, are quite pricey for what you get/I need. I'll probably just have to bite the bullet.",Non-physics
0xf78,"OP: Would you please clarify what article you're talking about? The only WP article that I could locate is an Opinion piece, not a researched article by a WP reporter. And this article is blocked by a paywall. Other than that, the only things I could find were a flurry of press releases from Republicans and various right-wing groups, all of which appear pretty dubious. There's nothing about this in the National Library of Medicine or from any reputable scientific or medical organization that I could locate. Until the people making claims provide some documentation supporting their claims, they should probably be ignored.",Non-physics
0x19a9,"Primarily it has to do with circulation and herd immunity. Not everyone in our population is vaccinated against COVID-19, allowing the virus to continue circulating and mutating. \n\nFor influenza, it's herd immunity and high genetic diversity. The structure of influenza virus and it's replication cycle allow for easy mixing of it's parts and pieces to make a new influenza virus particle possible within one cycle of replication in a cell. It's your literal ""life is a box of chocolates"", because after infection there's no guarantee what will pop out.",Non-physics
0x1d84,"Yeah you likely saponified the ester and lost the carboxylate to the aqueous.\n\nWhen u say 3M equivalents, do u mean u used a 3 Molar solution of pot carb in MeOH?\n\nThe base is catalytic so drop to like 0.1-0.2 eq pot carb and monitor progression.\n\nIf ur substrate isn't a methyl ester then may have also had transesterification with the methanol",Non-physics
0x1795,"It superconducts at lower temperatures, but the phase that they report is indeed not superconducting. As far as I understand it is similar to a pseudogap phase, meaning that it has long-range correlation between fermion bound states (in this case quadruplets) but no phase coherence.",Physics
0x62,"Just to be clear, gravity is extremely well understood since Einsteins General Relativity. So the premise of your question is already wrong.  \n\nOpen questions exist within the incredibly technical details when formulating a quantum field theory for gravity. But there is zero reason to speculate on a completely different ""mechanism"" for gravity based on pure guessing, thats just not how science works.\n\nOne remark on your idea, trying to relate gravity to magnetism just makes no sense. Even before Einstein, gravity in Newtonian physics and magnetism are just way to different: The gravitational field has monopoles, the magnetic field cannot have monopoles, only at least dipoles (every magnetic source ever has a north and a south pole, while there is only one gravitational charge aka mass). A gravitational field applies work on a test charge, a magnetic field doesn't. There are many other similar discrepancies, and these are only the most basic ones that everyone learns in their first year at university.\n\nAs a remark, I realize that all this may come of as a bit condescending, and it is good that you are interested in this stuff and try to think it through yourself. But the truth is, you won't solve any problems or even get the right ideas by guessing based on half-truths and half-knowledge. The only way is to have a deep foundation of both the mathematical theory and the supporting experimental evidence of the status quo, and then maybe inspire new ideas with a bit of intuition and guess work, combined with formulating it in a mathematical way, and thinking of testing the idea.",Physics
0x1b1d,"I just noticed that your value for C isn’t quite right. I assumed that C was the total heat capacity of the room, which would be equal to Cp times the mass of the air in the room in kg.",Physics
0x2394,"Ignoring the possibility of new physics, the variance is mostly driven by two things: possible experimental error, and statistical fluctuations. If this experiment was 10x efficient ~~and~~ at transporting the UCN from the source to the trap then the total uncertainty would likely be around 0.1 s instead of 0.3 s.\n\n> Doesn't this indicate that a good area to probe would be whatever external influence was cut out that allowed the estimate to be 2 times more precise than before?\n\nThat was just driven by having more neutrons than previous experiments, so we could do the measurement to a higher precision. The statistical error bar roughly goes as 1/sqrt(N), where N is the number of neutrons counted over the entire campaign.\n\nEDIT: ""and"" --> ""at""",Physics
0x36b,I just learnt that objects gain mass if they slam into each other at a fast enough speed. Does that mean we can solve world hunger by slamming food against each other really fast?,Physics
0x3ef,"Have physicists been able to model this behavior (beta decay and the half life time it takes) through computer analysis? I think I saw an abstract that had modeled radioactive decay up to Strontium(?). I'm wondering when/if the conjectured ""island of stability"" can be modelled for the highest atomic weight elements.",Physics
0xd0a,"Of course hydrogen has weight. Everything with mass in a gravitational field does. It might not be great enough to allow it to remain trapped in the gravitational field, but then, that depends on the strength of the field also. But you know, rockets regularly escape the Earth's atmosphere too",Physics
0x1609,Alright best I've got is .5 kg object with force x pulling 30 degrees at 20 nutins and force y pulling 10 degrees at 20 nutins and force z pulling 90 degrees at 8 nutins.\n\nTo make sure what I'm asking is clear I'm not looking for the answer I'm asking for help calculating.,Physics
0x13aa,"""Real life"" probably doesn't have pixels, so it is a bit of a tricky question to answer. There's some idea that there's a very-micro-scale discreteness to space and time (in the 10^-35 meter, planck length range), but this is speculative. \n\nHowever specific instruments may have fundamental limits to their resolving power. For instance, a light microscope is inherently limited by optical properties. The eye, similarly, has physical limits on resolving power.\n\nWhat context are you asking about? Is there an underlying question which is motivating this (eg ""does it make sense to put an 18MP camera on this microscope?"")?",Non-physics
0x85d,"Yes, not all quantum phenomena lend themselves easily to a wave analogy, but weak values are another example of spooky action at a distance. Which itself is also made much less weird if you're ok with matter as waves. Of course a wave could affect things far from its most concentrated point, since it is inherently a delocalized object. \n\nAnd I appreciated, in a fuzzy way, how my intuition on matter breaks down when once I go subatomic. But I'm not talking about *really* understanding matter; I'm talking about making basic concepts and experiments in quantum mechanics almost completely unapproachable for laypeople by continually starting from the particle perspective. \n\nThe Cheshire Cat effect is awesome though. My work is in understanding and predicting chemical behavior based on subtle, long distance effects through the electron charge density that are more significant than convention tells us. Pulling the mask off ""spooky action at a distance"" is always fun. (It's usually just the janitor under the mask, or the proprietor of a failing movie theater)",Physics
0x124b,"""Slow Evaporation""® it is then.\n\nI did hear the NMR tubes can usually give good crystals. Maybe because it's ""cleaner"" than other glassware in a sense that it tends to have fewer scratches that provide nucleation sites, so what does grow can grow larger - I could be wrong about the reasoning though.",Non-physics
0xecd,This is the Marangoni effect. \n\nThe wax surface is hotter near the flame giving it a lower surface tension than its surroundings. As a result the wax surface gets pulled away from the flame but the higher surface tension of the surrounding surface. \n\nParticles that drift closer to the flame get dragged away from it by the moving surface.,Physics
0x1e44,"There is no one thing called ""acidic copper solution"", so I can see why you're not getting anything useful via Google. Most likely it refers to a copper sulfate solution with a bit of extra sulfuric acid to keep the pH low, but I can't say for certain without context.",Non-physics
0xa17,Tom Nicholas put out a video criticizing Derek's waymo video.  I recommend watching it.  I lost a lot of respect (maybe all) for Derek from the way he responded to it in the comments.,Physics
0x11e6,I added 15 drops. I'm trying to see if I can minimize the amount of oil I add. I want to boost the oil's scent but don't know the most effective formula.,Non-physics
0xed8,"Not been following the literature on this, wasn't there a hint of a 4th state a few years back, at MiniBoone I think it was? Is there an explanation for what caused that?",Physics
0xa79,"> its so obviously neglect and chance. He really went on a rant there.\n\nThis seems like an odd thing to rant about.  If the crystal is the right material (if the paper's authors were sure that no reaction occurred during the slow storage and crystallization), and they got the structure, why the rant?  The only disadvantage that I see is that anyone who wants to replicate the work in the paper is either going to have to be very patient or they will need to find a faster way to grow the crystal.",Non-physics
0x1ec7,Licky licky does two things. First yummy water from spit makes sugar go “aight I’m outta here” and break apart (dissolve). Second in spit we have mean angy thingies which beat up the sugar into tiny bits and force them into mouthy hole yumz. So this slowly breaks apart the cookie cooke and the traced out line around the shape is not dummy thiccc like the rest of it so dissolved sooner cuz she flat as fuccccccccccc,Non-physics
0x1460,Lol.. No perpetual motion. Just a difference of pressure to let an airfilled container sink or float in water. You use a bit of energy to move a lot of water trough a pipe. This is just a simple version that shows the principle.,Physics
0x1419,"Neutrons decay by emitting a Beta particle (electron) and a neutrino and end up as a proton (there’s a bit more that happens under the hood with quarks, but from the outside looking in this is the end product).  As a free particle, a neutron has more energy than a proton, electron, and neutrino combined.  This means that the neutron will tend to go to a lower energy state by changing into a proton.\n\nIn a nucleus, a neutron has the same potential energy as before, but now there are other positive particles nearby - protons.  To turn into a proton while surrounded by protons requires energy: the same energy as bringing a proton to the nucleus from infinitely far.  In stable nuclei, this requires more energy than would be released by the neutron during decay.  Therefore the event is exceptionally rare or practically never happens.  It’s as if the surrounding protons are gatekeeping the neutron and not allowing it to decay.\n\nIn some larger nuclei, where there are a lot of neutrons relative to protons, there aren’t as many protons to repel the potential new proton and more surrounding neutrons with favorable binding energy through the strong nuclear force.  These nuclei do have neutrons decay into protons through beta decay.",Physics
0x2af,"No need to by salty here, i bet its just confusion of words, im sure that our friend here wanted to say that he is doing work.",Physics
0x1bc3,"No, the amount of kinetic energy injected by shaking a bottle is negligible compared to the amount of energy it takes to heat its contents by a few degrees.\n\nThe heat capacity of liquid water is about 4.2 Joules per gram per Kelvin. Half a litre of water weighs about half a kilogram, so heating up a bottle of water by one degree takes about 2 kilojoules. At that kinetic energy, your bottle of water would be travelling at 300 km/h or 200 mph. This is all assuming no net energy loss of course.\n\nA quick google actually found that someone answered [this question](https://www.reddit.com/r/askscience/comments/1zw2xp/will_shaking_a_bottle_of_water_heat_it_up/cfxwxlk/) before: shaking a well-insulated bottle for about 10 hours will heat up its contents around 50 degrees centigrade. So unless you were actively shaking your content for several hours, it shouldn't have heated up.",Physics
0xe87,"How did you obtained two degrees in physics and engineering. Did you do it simultaneously or sequentially. One after another. \n\nHow long did you studied in total,\n\nI am a mechanical engineering undergrad (parttime study at community college) but I want to study physics and mathematics afterwards, thinking of getting a PhD in mathematical physics or astrophysics. \n\nI discovered during my undergrad that I gravitate more towards fundamental laws of nature and pure mathematics instead of designing stuff like machinery and so on. \n\nFor me, getting a job isn’t necessary because I do daytrading, so I don’t mind being a student for more years. I support myself financially. \n\nI worked as a mechanical design engineer but the job wasn’t fulfilling me. I need a bigger purpose, like discovering new exoplanets or something. Lol.",Physics
0x271d,"If you published in a journal like Nature you should make the data available when asked. You don't get to make a huge claim and then hide behind shitty excuses. The data availability statement even says that they would make it available upon ""reasonable request"". Just because someone disagrees with you doesn't mean that their request is unreasonable. Someone having doubts about your conclusions is probably the most likely reason for requesting the data in the first place.",Physics
0x274e,"Well, I'd assume there's a lot more for them to eat down there than we really know.  The deep sea is still a pretty big mystery when it comes to what lives down there.",Non-physics
0x913,"xD. i is NOT square root of -1. by definition i is a number that gives -1 when squared. it's one-way, it doesn't work the opposite way.\nthat is for a simple reason and you already told it.\nif we put i = sqrt(-1),\nthen i * i = sqrt(-1) * sqrt(-1) = sqrt((-1) * (-1)) = sqrt(1) = 1. but i * i by definition is -1. so we proved that -1 = 1. this is why it is wrong to say i = sqrt(-1)",Physics
0xd9d,Thank you to the random Redditor that gave me my first silver on something as random as my desperate attempts to save a dragonfly!\n\nEdit: Nevermind I’m getting quite a few rewards so thanks for all the rewards everyone!,Non-physics
0x10eb,Wow. I never thought of this. So you're telling me they can transcribe the vibrations? Mind freaking blown. I like to think that that's that Einstein meant about creativity being important. What's not so good is that it's being done for spying. Unless it's being used for the greater good. Greater good for whom though right?,Physics
0x20d6,Okay so with all this confidence and experience... you're looking to reddit to find out if you can mix Tylenol and alcohol because you're worried about liver damage? AND you're roasting people in the comments? Go back to the streets you connoisseur,Non-physics
0x1c92,"If the helicopter is moving at a constant speed (acceleration is zero), via F = ma, there is no net force on the helicopter, and the same would apply to the rope.\n\nUnless I'm sorely mistaken (entirely possible as I got the original question wrong :-) it would be a vertical line on the absence of air resistance.",Physics
0x159,"Can you slow down the decay? If yes, how so? And can you measure the decay of longer-lived neutrons with your method? Wouldn't it alter the results? Thanks",Physics
0x1b39,"Assuming the cows to be spherical, the power radiated is \n\nP=(sigma)4(pi)r²(T⁴)\nWhere (sigma) is the stephann boltzmann constant and  (4(pi)r²) is surface area of the cow and (T) is the temperature of the cow. \n\nApproximating the radius to be 0.8m and the body temperature to be 311.5 K \n\nThe power P = 4293.437 W",Physics
0x2044,Also if you could take photos and vids of what’s actually going on in the world let alone your own country then you wouldn’t be making yourself look like a tool,Non-physics
0x1650,"Why not both? I have degrees in physics and engineering and just published/patented a ps-resolution measurement system I designed for my own research, and immediately got an email from a researcher across the globe who wants to use it. No need to sacrifice on either front :)",Physics
0x1e4f,"I think you are maybe misunderstanding the popular curved space time model. \n\nThe photo on [this](https://sci.esa.int/web/lisa-pathfinder/-/56434-spacetime-curvature) page is what I’m talking about.\n\nThis photo is misleading, because the space time is represented as a 2 dimensional plane, with 3 dimensional objects that “sit” on it. Space is not 2d.\n\n[This](https://youtu.be/H8h1c7ToC9w) is a more accurate representation of spacetime curvature.",Physics
